id,organization,balance_count_org,balance_count_bal,details_org,details_bal
14654,Genusshandwerker,2,1,31-03-2018,31-03-2018
14655,Gitta Walchner,3,3,31-05-2021,31-05-2021
14656,Humanistic Management Practices – HMP Gerd Hofielen,4,4,"31-12-2015, 31-05-2017, 28-02-2021, 30-09-2023","28-02-2021, 30-09-2023, 31-05-2017, 31-12-2015"
14657,Jaritz- Welten verbinden,2,2,31-05-2017,31-05-2017
14658,Jürgen Linsenmaier,1,1,28-02-2021,28-02-2021
14659,Karla Schimmel,1,1,21-03-2021,21-03-2021
14660,Kortz Konfliktspezialisten,2,2,"31-05-2017, 31-01-2021","31-01-2021, 31-05-2017"
14661,La Perla,1,1,,
14662,Landgut Stober Kontor GmbH & Co. Betriebs KG,2,1,30-04-2021,30-04-2021
14663,Müller Bau GmbH & Co KG,1,1,30-06-2021,30-06-2021
14665,ALLMENDA Social Business eG,2,2,"30-12-2018, 31-05-2021","31-05-2021, 30-12-2018"
14666,Backkultur,1,1,31-05-2021,31-05-2021
14667,Bernhard Oberrauch,1,1,31-03-2023,31-03-2023
14668,buch7.de GmbH,1,1,31-12-2020,31-12-2020
14669,"Cosyma, EPU",3,2,"31-10-2020, 31-03-2024","31-10-2020, 31-03-2024"
14670,Culumnatura,2,2,"31-12-2015, 30-04-2021","30-04-2021, 31-12-2015"
14671,Druckerei Zollenspieker,2,2,"30-04-2017, 31-05-2021","31-05-2021, 30-04-2017"
14672,ECG Ecotopia,1,1,,31-03-2021
14673,Buchbinderei Fuchs,1,1,30-04-2021,30-04-2021
14674,Nils Wittke,2,2,31-05-2021,31-05-2021
14676,Oekofrost,4,4,"31-03-2014, 31-01-2018, 31-01-2021, 29-02-2024","31-01-2021, 31-03-2014, 31-01-2018, 29-02-2024"
14677,Ökofairbau,1,1,31-01-2021,31-01-2021
14678,Ökoring Handels GmbH,3,3,"30-06-2015, 31-07-2021, 30-09-2024","31-07-2021, 30-06-2015, 30-09-2024"
14679,Omnicert Umweltgutachter GmbH,2,2,"31-01-2021, 28-02-2023","31-01-2021, 28-02-2023"
14680,Parkhotel Frank,1,1,31-01-2021,31-01-2021
14681,Peter Frank,2,2,"30-11-2020, 30-11-2024","30-11-2020, 30-11-2024"
14682,Peter Weiss Stiftung (PWS)Literaturfestival,1,1,31-08-2020,31-08-2020
14683,Polarstern,2,2,"31-03-2021, 31-03-2023","31-03-2021, 31-03-2023"
14684,Regina Sörgel,1,1,31-05-2023,31-05-2023
14686,SozKom,3,3,"30-11-2020, 31-12-2022, 30-11-2024","30-11-2020, 31-12-2022, 30-11-2024"
14687,Sparda-Bank München eG,5,5,"30-12-2013, 30-11-2015, 30-11-2017, 30-04-2021, 30-06-2024","30-04-2021, 30-12-2013, 30-11-2015, 30-11-2017, 30-06-2024"
14688,Spider Netzwerk und Software GmbH,1,1,31-01-2021,31-01-2021
14689,Synthro,1,1,31-08-2020,31-08-2020
14690,Trumer Privatbrauerei,3,3,"30-09-2018, 30-06-2021, 30-06-2025","30-06-2021, 30-06-2025, 30-09-2018"
14691,Ulrike Häussler,2,2,31-05-2021,31-05-2021
14693,Wasmuth & Hörstel,2,2,"31-10-2020, 31-08-2023","31-10-2020, 31-08-2023"
14694,Weiz Stadtmarketing KG,2,2,"30-06-2015, 31-07-2021","31-07-2021, 30-06-2015"
14695,Heinz Ziegenbein GmbH & Co. KG,1,1,31-01-2021,31-01-2021
14696,Bayer und Hochdörffer GbR,1,1,30-06-2021,30-06-2021
14697,Pelzl Beratung & Umsetzung,2,2,31-07-2021,31-07-2021
14700,Randegger Ottilien-Quelle GmbH,1,1,30-09-2021,30-09-2021
14701,"Stadtwerke München GmbH, Geschäftsbereich Bäder",3,3,"30-09-2021, 31-03-2024, 31-12-2025","30-09-2021, 31-03-2024, 31-12-2025"
14704,Doro Heckelsmüller,1,1,,20-05-2021
14705,Jochen Siebel,2,2,"20-05-2021, 31-07-2023","31-07-2023, 20-05-2021"
14706,Biomarkt La Vida e.K.,2,2,"20-05-2021, 13-11-2022","20-05-2021, 13-11-2022"
14707,Taifun-Tofu GmbH,2,2,"30-09-2018, 31-08-2021","31-08-2021, 30-09-2018"
14708,Sonnentor Kräuterhandelsgesellschaft mbH,8,8,"31-10-2013, 30-06-2014, 30-06-2015, 31-07-2017, 31-07-2019, 31-07-2021, 31-07-2023, 31-07-2025","31-07-2021, 31-10-2013, 30-06-2014, 30-06-2015, 31-07-2017, 31-07-2019, 31-07-2023, 31-07-2025"
14709,Stadtmobil Rhein-Neckar AG,2,2,"30-06-2021, 30-09-2025","30-06-2021, 30-09-2025"
14710,Proiectio,1,1,31-05-2021,31-05-2021
14711,Raiffeisenbank Lech am Arlberg eGen,7,7,"30-04-2014, 30-04-2015, 30-04-2017, 30-04-2019, 30-04-2021, 31-05-2023, 30-04-2025","30-04-2021, 30-04-2014, 30-04-2015, 30-04-2017, 30-04-2019, 31-05-2023, 30-04-2025"
14712,"NAVISANA eG, seit 2019 GbR",1,1,30-04-2021,30-04-2021
14713,Thomas Henne,2,2,"30-05-2021, 30-11-2025","30-05-2021, 30-11-2025"
14714,elfgen pick gmbh & co. kg,2,2,"31-07-2022, 31-07-2025","31-07-2025, 31-07-2022"
14715,Werte-voller-Leben GmbH & Co KG,1,1,31-07-2022,31-07-2022
14716,Outward Bound gGmbH,1,1,31-07-2022,31-07-2022
14718,Zukunftswerk eG,1,1,30-04-2021,30-04-2021
14719,Ulenspiegel Druck GmbH & Co. KG,2,2,30-06-2018,30-06-2018
14720,Öko & Fair Umweltzentrum Gauting,1,1,,
14721,Bioculture GmbH,1,1,30-04-2021,30-04-2021
14722,Backhaus Cramer,1,1,30-04-2021,30-04-2021
14723,hpkj | heilpädagogisch-psychotherapeutische Kinder- und Jugendhilfe e.V.,2,2,"31-03-2021, 31-07-2024","31-07-2024, 31-03-2021"
14725,MobilSpiel e.V.,1,1,31-03-2021,31-03-2021
14726,Fairmittler Stefan Gmeiner e.U.,1,1,31-05-2021,31-05-2021
14727,Praxisgemeinschaft AMEDEA,1,1,20-05-2021,20-05-2021
14730,Schubert Bio & Vollwert Bäckerei GmbH & Co KG,1,1,31-07-2022,31-07-2022
14731,Snehotta Pflegeteam,1,1,31-07-2022,31-07-2022
14732,Herzstück Horgau eG i.G.,1,1,31-07-2022,31-07-2022
14733,liesLotte MEDIEN VERLAG,2,2,"31-07-2022, 31-07-2023","31-07-2023, 31-07-2022"
14734,Sonnendruck GmbH,3,3,"28-06-2015, 31-10-2016, 31-10-2021","31-10-2021, 28-06-2015, 31-10-2016"
14735,Mathis Spenglerei GmbH,1,1,31-05-2021,31-05-2021
14736,MÜLLER Ofenbau Bertram u. Harald Müller GesnbR,1,1,31-05-2021,31-05-2021
14737,Architekturbüro Mießl GmbH,1,1,30-09-2022,30-09-2022
14738,Contecta immobilienvewwaltung GmbH,1,1,30-09-2022,30-09-2022
14739,Integra e.V.,1,1,30-06-2021,30-06-2021
14740,Diabetes und Stoffwechselpraxis Wetter,1,1,30-06-2021,30-06-2021
14741,PCH-Fischer GmbH & Co. KG,1,0,,
14742,Farbenmühle mcdrent GmbH & Co.KG,1,1,,
14743,Ingenieurbüro für Bautechnik,1,0,,
14744,Dornbirner Sparkasse Bank AG,4,4,"31-10-2016, 30-11-2018, 31-03-2022, 31-05-2024","31-03-2022, 31-10-2016, 30-11-2018, 31-05-2024"
14745,HABICHT+PARTNER,1,1,30-06-2021,30-06-2021
14746,BerlinBees Schüler*Innengenossenschaft,1,1,30-09-2022,30-09-2022
14747,Matthias Brunk,1,1,31-10-2021,31-10-2021
14748,Husumer Horizonte,1,1,30-11-2021,30-11-2021
14749,ver.de für nachhaltige Entwicklung e.G.,2,2,"31-07-2021, 31-03-2024","31-03-2024, 31-07-2021"
14750,grimm Vermögensberatung,1,1,31-07-2021,31-07-2021
14751,TherapieZeitRaum,1,1,31-12-2021,31-12-2021
14752,kiss the inuit,1,1,30-06-2021,30-06-2021
14753,Privatpraxis für Psychotherapie und Supervision,1,1,30-06-2021,30-06-2021
14755,"LEWANDOWSKI Beratung, Analyse, Entwicklung",2,2,30-09-2020,30-09-2020
14756,Laube sozial-psychiatrische Aktivitäten GmbH,2,2,"06-09-2018, 28-02-2022","28-02-2022, 06-09-2018"
14757,UnternehmensGrün e.V.,2,1,31-12-2017,31-12-2017
14758,Wohnanlage Fasanenhof gGmbH,1,1,30-11-2021,30-11-2021
14759,castello – Wohlfühlhotel in Königsleiten,1,1,31-12-2021,31-12-2021
14760,Kaiserhof Anif  Hotel-Restaurant-Bar,1,1,31-12-2021,31-12-2021
14761,BioVitalHotel Sommerau,1,1,31-12-2021,31-12-2021
14762,Die Seitenalm,1,1,,
14763,Biohotel Schiessentobel,1,1,31-12-2021,31-12-2021
14764,Mathias Winkler – Nachhaltige Finanzlösungen,1,1,31-07-2021,31-07-2021
14765,Blattwerk Gartengestaltung GmbH,1,1,31-10-2021,31-10-2021
14766,"cibaria GmbH, ökologisch-biologische Vollkornbäckerei",3,3,"28-02-2019, 30-11-2021, 30-04-2024","30-11-2021, 30-04-2024, 28-02-2019"
14767,Ing. Robert Thoma G.m.b.H.,1,1,28-02-2021,28-02-2021
14769,conSalis e.Gen.,1,1,28-02-2021,28-02-2021
14771,Nellie Nashorn Soziokultur gGmbH,1,1,30-11-2021,30-11-2021
14772,ananjo informatiker,2,2,31-12-2021,31-12-2021
14773,Gesellschaft für angewandte Kommunalforschung,3,3,"30-04-2019, 31-10-2021, 31-08-2024","31-10-2021, 31-08-2024, 30-04-2019"
14775,Cafe Pausenraum,1,1,31-12-2020,31-12-2020
14776,focus-energie,1,1,31-12-2020,31-12-2020
14777,Waldorfschulverein Freiburg St. Georgen,2,2,"30-05-2019, 31-12-2020","31-12-2020, 30-05-2019"
14778,Organiced Kitchen,1,1,28-02-2022,28-02-2022
14779,WBS TRAINING AG,3,2,"30-11-2018, 31-01-2022, 28-02-2026","31-01-2022, 30-11-2018"
14782,PAP Pongauer ArbeitsProjekt,1,1,31-12-2021,31-12-2021
14783,"Christof Bader KG – Fliesen, Kachelöfen, Natursteine",1,1,31-12-2021,31-12-2021
14784,Kulturverein Schloss Goldegg,1,1,31-12-2021,31-12-2021
14788,Lilly Deutschland GmbH,3,2,"31-01-2022, 31-12-2023, 28-02-2026","31-01-2022, 31-12-2023"
14790,mg: mannheimer gründungszentren gmbh,1,1,28-02-2022,28-02-2022
14792,Ecofit Biofruchtimport GmbH,1,1,30-11-2021,30-11-2021
14793,"Landesverband Amateurtheater Baden-Württemberg e.V.,",1,0,,
14794,St. Virgil Salzburg,2,2,"06-09-2018, 30-04-2022","30-04-2022, 06-09-2018"
14795,Vägen Ut! Kooperativen,2,2,30-04-2022,30-04-2022
14796,INFO GmbH,3,3,"31-12-2021, 31-12-2023, 31-12-2025","31-12-2021, 31-12-2023, 31-12-2025"
14797,Bäckerei Bahde GmbH,1,1,30-11-2021,30-11-2021
14798,Michael Selig – Berater für Organisation und Transformation,1,1,31-12-2021,31-12-2021
14799,Winkler Solar GmbH,1,1,,
14801,Forum Futura UG,1,1,31-10-2021,31-10-2021
14802,Ecosia GmbH,1,1,31-10-2021,31-10-2021
14803,Mein Grundeinkommen e.V. (gemeinnützig),1,1,31-10-2021,31-10-2021
14804,FIBUR GmbH,1,1,31-10-2021,31-10-2021
14805,Fahnen-Gärtner GmbH,2,2,"31-12-2021, 31-05-2024","31-12-2021, 31-05-2024"
14806,Tourismusverband Wilder Kaiser,1,1,31-12-2021,31-12-2021
14807,Blattfrisch GmbH,1,1,30-11-2021,30-11-2021
14808,Karl Siegel Produktions GmbH & Co. KG,1,1,30-11-2021,30-11-2021
14809,Mobility Center GmbH,2,2,"31-01-2022, 31-01-2025","31-01-2022, 31-01-2025"
14810,Nack Büroeinrichtungen GmbH,1,1,30-11-2021,30-11-2021
14811,Trafik Doppelhammer,1,1,31-12-2019,31-12-2019
14812,Hans Stockmar GmbH & Co.KG,3,2,"30-04-2022, 31-01-2024, 28-02-2026","30-04-2022, 31-01-2024"
14813,GBG – Mannheimer Wohnungsbaugesellschaft mbH,1,0,,
14814,Dorfelektriker Mittelberger GmbH,2,2,31-08-2018,31-08-2018
14815,FnF Mannheimer Gesellschaft zur Förderung von Arbeitsplätzen,1,0,,
14816,CMP Competent Management Partners AG,3,3,"31-10-2019, 31-12-2021, 30-06-2025","31-12-2021, 31-10-2019, 30-06-2025"
14817,Melchinger Systemhaus UG (haftungsbeschränkt),1,1,31-12-2021,31-12-2021
14818,"Amann, Ulrike, Raum für Gemeinwesenentwicklung",3,3,"31-01-2018, 31-07-2020, 31-05-2023","31-07-2020, 31-01-2018, 31-05-2023"
14819,AmVieh-Theater,1,1,30-03-2021,30-03-2021
14820,Apotheke am Goetheplatz,1,1,30-10-2020,30-10-2020
14821,ARBA-BIOPLAN Genossenschaft,1,1,31-07-2020,31-07-2020
14822,arbeit plus Salzburg,1,1,30-03-2021,30-03-2021
14824,Berg Anne,2,2,"28-02-2017, 30-09-2020","30-09-2020, 28-02-2017"
14825,Bio Hotel Bayerischer Wirt,1,1,30-03-2021,30-03-2021
14826,Bio Hotel Eggensberger,1,1,30-03-2021,30-03-2021
14828,"Catucho GbR (Ulrike &Laura Eckhardt), Rösterei",1,1,,
14829,CCC Druck und Medien GmbH,1,1,,
14830,"Czeczatka, Werner & Partner Steuerberatungsgesellschaft",1,1,30-10-2020,30-10-2020
14831,die Fleckenbühler Hof Fleckenbühl gGmbH,1,1,30-10-2020,30-10-2020
14832,Dietzinger+Partner,1,1,30-10-2020,30-10-2020
14833,Dorfladen Häger e.V.,1,1,,
14834,Foto Flausen,1,1,30-03-2021,30-03-2021
14835,Frobenius-Foisner-Holzeis Steuerberatung GmbH,1,1,30-10-2020,30-10-2020
14836,germanBroker.net Aktiengesellschaft,2,1,,
14837,Gertec GmbH Ingenieurgesellschaft,2,2,30-09-2024,30-09-2024
14838,Gruber+Haumer Landschaftsarchitektur.OG,1,1,30-04-2020,30-04-2020
14839,Gut Sonnenhausen GmbH & Co. KG,1,1,30-03-2021,30-03-2021
14840,h+m Garten und Landschaft,1,1,30-10-2020,30-10-2020
14841,"Hotel Garmischer Hof, Seiwald-von Thurn GmbH",1,1,30-03-2021,30-03-2021
14843,Jonathan Seminarhotel,1,1,31-07-2019,31-07-2019
14844,KBW Katholisches Kreisbildungswerk,1,1,31-07-2019,31-07-2019
14845,Ego Elektrikergenossenschaft,1,1,,
14846,Eigenbetrieb Leben und Wohnen der Landeshauptstadt Stuttgart (ELW),1,1,30-12-2019,30-12-2019
14847,EL PUENTE GmbH,1,1,30-09-2019,30-09-2019
14849,EM-Chiemgau- Christoph Fischer GmbH,3,3,"30-10-2020, 31-03-2023, 31-12-2025","31-03-2023, 31-12-2025, 30-10-2020"
14850,EM-faktor GmbH – die social profit agentur,2,2,"31-12-2016, 30-09-2020","30-09-2020, 31-12-2016"
14851,Engel und Brotzge og einfachmoebel,2,2,"30-04-2020, 10-12-2023","30-04-2020, 10-12-2023"
14852,F & P Stock Solution GmbH,1,1,,
14853,Team Christian Felber,4,4,"30-12-2014, 30-06-2017, 30-04-2020, 30-09-2022","30-04-2020, 30-09-2022, 30-12-2014, 30-06-2017"
14854,Kleinwechter & Bröker GmbH,1,1,,
14855,"Knakruegge, Lutz",3,3,"30-12-2013, 31-05-2020, 30-05-2020","30-05-2020, 30-12-2013, 31-05-2020"
14857,Lenz Consulting,4,4,"10-09-2014, 31-01-2018, 30-04-2020, 31-07-2023","30-04-2020, 10-09-2014, 31-01-2018, 31-07-2023"
14858,Maas Naturwaren GmbH,1,1,,
14859,Malerei Wülser und Partner GmbH,2,2,"31-12-2015, 30-04-2020","30-04-2020, 31-12-2015"
14860,Malzfabrik,1,1,,
14861,Marmed GmbH,1,1,30-10-2020,30-10-2020
14862,Mein Kindskopf UG,1,1,30-10-2020,30-10-2020
14863,Gebhard Moser,4,4,"30-11-2014, 31-01-2018, 30-04-2020, 31-05-2023","30-04-2020, 30-11-2014, 31-01-2018, 31-05-2023"
14864,"Müller, Horst",2,2,"31-12-2015, 31-03-2020","31-03-2020, 31-12-2015"
14865,natürlich unverpackt,1,1,,
14866,Dirk Posse,1,1,31-05-2020,31-05-2020
14867,Praxisgemeinschaft Fridolfing,1,1,31-07-2019,31-07-2019
14868,Sachranger Dorfladen UG,1,1,30-10-2020,30-10-2020
14869,Schäfer Installationen,2,2,31-03-2024,31-03-2024
14870,SES Stadtentwässerung Stuttgart,2,2,"30-04-2020, 31-08-2024","30-04-2020, 31-08-2024"
14871,Sotronik GmbH,1,1,30-04-2020,30-04-2020
14872,St Elisabeth-Verein e.V. Marburg Berufliche Bildung (StEEB),1,1,30-10-2020,30-10-2020
14873,Steinbildhauerei Vincent,1,1,30-10-2020,30-10-2020
14874,Stierlin Holz am Bau GmbH,1,1,30-04-2020,30-04-2020
14875,Taoasis GmbH Natur Duft Manufaktur,1,1,,
14876,Urte Töpfer – Wirtschaften mit Menschen,2,2,"31-10-2016, 31-10-2019","31-10-2016, 31-10-2019"
14877,Vollkornbäckerei Niemand GmbH,1,1,31-10-2020,31-10-2020
14878,Waldorfschulverein Wetterau e.V.,1,1,30-05-2020,30-05-2020
14879,werkzwei – Lutz Dudek,1,1,,
14880,WeShareIT-Ulrich Lang,2,2,"31-01-2018, 30-01-2020","30-01-2020, 31-01-2018"
14881,Wissenschaftsladen Hannover e.V.,1,1,30-09-2019,30-09-2019
14882,Wittig HR-CONSULTING,2,2,"31-05-2017, 31-08-2022","31-08-2022, 31-05-2017"
14884,Arbatherm,1,1,30-04-2020,30-04-2020
14885,4e solutions GmbH,1,1,30-03-2020,30-03-2020
14886,4plus5,1,1,,28-02-2021
14887,Abitare,2,2,"31-05-2017, 30-11-2020","30-11-2020, 31-05-2017"
14888,ad fontes,1,1,,31-03-2021
14889,Alpendruck,1,1,31-12-2020,31-12-2020
14891,AUROBIA GmbH & Co KG,3,3,"31-05-2018, 30-04-2023, 30-11-2023","31-05-2018, 30-04-2023, 30-11-2023"
14893,Bausinger GmbH,2,2,"30-09-2020, 30-06-2023","30-09-2020, 30-06-2023"
14894,BfG – Genossenschaft für Gemeinwohl,1,1,31-01-2020,31-01-2020
14895,Bodan,5,5,"30-06-2024, 30-09-2017","31-03-2020, 30-06-2024, 30-09-2017, 30-09-2012, 30-04-2014"
14896,BTE Tourismus- und Regionalberatung,2,2,"31-05-2017, 31-10-2020","31-10-2020, 31-05-2017"
14897,Cappel,1,1,31-10-2020,31-10-2020
14898,Christian Jensen Kolleg,2,2,"31-12-2017, 28-02-2021","28-02-2021, 31-12-2017"
14899,Dinkelbeck,1,1,,28-02-2021
14900,Der Fährmann Bestattung und Trauerrituale Bernhard Schöpfer OG,2,2,"31-12-2020, 31-01-2024","31-12-2020, 31-01-2024"
14901,Fohlenhof Astner,2,2,"31-10-2020, 31-10-2023","31-10-2020, 31-10-2023"
14902,Helmut Kähler,1,1,31-03-2020,31-03-2020
14903,Johanna Paul,4,4,"31-05-2020, 31-05-2023","31-05-2020, 31-05-2023"
14904,Gemeinde Kirchanschöring,1,1,31-10-2020,31-10-2020
14905,Manfred Jotter – Besser Wirtschaften,2,2,"31-05-2017, 20-09-2020","20-09-2020, 31-05-2017"
14906,Dynamic Governance Führung und Ethik in der Unternehmensentwicklung Petra Ostfeld,1,1,31-12-2020,31-12-2020
14907,Prior1 GmbH,3,2,"31-12-2020, 31-08-2023","31-12-2020, 31-08-2023"
14908,Private Hortgruppe Mobile,1,1,31-12-2020,31-12-2020
14909,Regionalenergie Osttirol reg. Gen. m.b.H.,2,2,"31-10-2020, 31-01-2024","31-10-2020, 31-01-2024"
14910,Sanoll,2,2,"15-09-2016, 31-12-2020","31-12-2020, 15-09-2016"
14911,Bürogemeinschaft Sehlbach,1,1,30-09-2020,30-09-2020
14912,Seifenmanufaktur-Neururer gmbh,1,1,31-12-2020,31-12-2020
14913,SpreeTrain  Consulting,1,1,31-10-2020,31-10-2020
14914,Schloss Tempelhof eG,1,1,30-04-2020,30-04-2020
14916,Ulmer Weltladen,1,1,,28-02-2021
14917,Vaude,3,3,"28-02-2015, 31-01-2017, 30-03-2020","30-03-2020, 31-01-2017, 28-02-2015"
14918,Waldtraud Dietrich,1,1,31-12-2020,31-12-2020
14919,Wiedemann Jörn,4,3,"25-03-2016, 30-11-2020, 31-07-2023, 31-10-2025","30-11-2020, 25-03-2016, 31-07-2023"
14920,Zahnarztpraxis am Kreuzberg,1,1,31-05-2017,31-05-2017
14921,KV&P Unternehmensberatung,1,1,,
14923,Hobbyhimmel,1,1,30-09-2020,30-09-2020
14924,Reyerhof,1,1,30-03-2020,30-03-2020
14925,Samariterstiftung,3,3,"30-09-2019, 30-06-2022, 30-09-2024","30-06-2022, 30-09-2019, 30-09-2024"
14926,Eigenbetrieb Stadtentwässerung Mannheim (EBS Mannheim),1,0,,
14927,soulproducts GmbH,1,1,28-02-2022,28-02-2022
14928,Gemeinde Mäder,2,2,"31-08-2019, 31-01-2022","31-01-2022, 31-08-2019"
14929,Christian Felber,2,0,31-01-2025,
14930,"Gemüsekiste, Hartmann & Rönicke OHG",1,1,,
14931,CONTIGO Fairtrade GmbH,1,1,31-12-2021,31-12-2021
14932,"Susanne Dahncke, Coaching für Querdenker",1,1,31-03-2022,31-03-2022
14933,Gunz Warenhandels GmbH,1,1,31-01-2022,31-01-2022
14934,Think fresh,1,1,31-03-2022,31-03-2022
14936,easySoft. GmbH,1,1,31-03-2022,31-03-2022
14937,bittar. worte & zeichen setzen,1,1,28-02-2022,28-02-2022
14938,BKK ProVita,4,3,"31-12-2017, 30-01-2020, 31-01-2022","30-01-2020, 31-01-2022, 31-12-2017"
14939,Seminarhaus deinsdorf e.V.,1,1,31-05-2022,31-05-2022
14940,Moin Bio Backwaren GmbH,2,2,"28-02-2022, 31-01-2025","28-02-2022, 31-01-2025"
14941,Kiezbett GbR,1,1,28-02-2022,28-02-2022
14942,NoviTech e.U.,2,2,"30-09-2017, 31-03-2022","31-03-2022, 30-09-2017"
14943,Giesinger Biermanufaktur und Spez. Braugesellschaft mbH,1,0,31-07-2022,
14944,Sabine Lehner – MARKENwerkstatt,3,3,"31-08-2017, 31-12-2021, 28-02-2025","31-08-2017, 31-12-2021, 28-02-2025"
14945,Kurt Egger – eku-konstruktiv,3,3,"30-06-2017, 31-12-2021","30-06-2017, 31-12-2021"
14946,Gerd Pöll,1,1,31-03-2022,31-03-2022
14947,Harald Thurner,3,3,"30-06-2017, 31-12-2021, 28-02-2025","30-06-2017, 31-12-2021, 28-02-2025"
14948,Judith Gunkel Unternehmensberatung,1,1,31-03-2022,31-03-2022
14949,OeAD-WohnraumverwaltungsGmbH,6,6,"30-10-2014, 31-03-2018, 31-01-2021, 31-03-2022, 31-03-2024, 30-11-2025","31-01-2021, 31-03-2022, 31-03-2018, 30-10-2014, 31-03-2024, 30-11-2025"
14950,BfG Eigentümer/-innen- und Verwaltungsgenossenschaft eG,1,1,28-02-2022,28-02-2022
14951,Pizzinini Busreisen,1,1,31-12-2021,31-12-2021
14953,fairagent Int. FAI UG (haftungsbeschränkt),1,1,30-09-2022,30-09-2022
14954,Diakonie Herzogsägmühle,2,2,"31-07-2019, 30-11-2022","30-11-2022, 31-07-2019"
14955,n.e.s.t. Bauprojektierung und Vermietung AG,4,3,"31-05-2022, 30-11-2023, 30-04-2024","31-05-2022, 30-11-2023, 30-04-2024"
14956,"Westphal & Baade, Abyme GbR",1,1,28-02-2022,28-02-2022
14959,IBB Ingenieurbüro Bernstetter,1,1,31-01-2022,31-01-2022
14960,Gerlinde Lamberty,2,2,"31-01-2022, 01-06-2024","31-01-2022, 01-06-2024"
14961,Mick Petersmann,1,1,30-04-2022,30-04-2022
14962,Voelkel GmbH,2,2,"31-10-2022, 31-05-2025","31-10-2022, 31-05-2025"
14963,monomeer. Alles ohne Plastik,1,1,31-05-2022,31-05-2022
14964,kleindienst outdoor-assisted-development,3,3,"30-09-2014, 31-03-2018, 31-05-2022","31-05-2022, 30-09-2014, 31-03-2018"
14965,SODI – Solidaritätsdienst International e. V.,1,1,28-02-2022,28-02-2022
14966,Armin Schmelzle,2,2,"30-11-2017, 31-01-2022","30-11-2017, 31-01-2022"
14967,klien + team Holistische Organisationsberatung,3,2,"31-03-2016, 31-01-2022, 31-07-2025","31-03-2016, 31-01-2022"
14968,RAUM.WERTcc Ursula Spannberger,1,1,31-01-2022,31-01-2022
14969,Tim Weinert,1,1,28-02-2022,28-02-2022
14970,rolf dingethal organisations- und managemententwicklung,1,1,25-02-2020,25-02-2020
14971,Steinbeis-Transferzentrum ZEN,1,1,25-02-2022,25-02-2022
14973,Adelby 1 Kinder- und Jugenddienste gGmbH,2,2,"30-09-2022, 31-12-2025","30-09-2022, 31-12-2025"
14974,Dr. Gabriele Mönicke,1,1,31-05-2022,31-05-2022
14975,Führen mit… Urte Töpfer,3,2,"30-10-2019, 31-05-2022, 28-09-2025","30-10-2019, 31-05-2022"
14976,Biond GmbH,1,1,31-12-2021,31-12-2021
14977,Unser Kastanienhof,1,1,31-12-2021,31-12-2021
14978,Lichtenborner Kräuteer,1,1,31-12-2021,31-12-2021
14979,Naturkost Querbeet,1,1,31-12-2021,31-12-2021
14980,Stadtwerke Marburg GmbH,1,1,31-08-2022,31-08-2022
14981,"Thomas Mönius, Gemeinwohlberater",2,2,"31-05-2022, 31-10-2024","31-05-2022, 31-10-2024"
14982,Schachtelhalm UG,1,1,31-12-2021,31-12-2021
14983,Universität Kassel Hessische Staatsdomäne,1,1,31-12-2021,31-12-2021
14985,Hotel Villa Orange,1,1,31-12-2021,31-12-2021
14986,Tannerhof GmbH & Co.KG,1,1,31-12-2021,31-12-2021
14987,BIOHOTEL KUNSTQUARTIER,1,1,31-12-2021,31-12-2021
14988,DR. ULRICH WIEK Training & Coaching,1,1,30-09-2022,30-09-2022
14989,confideon Unternehmensberatung GmbH,2,2,"31-07-2022, 30-11-2025","31-07-2022, 30-11-2025"
14991,Wir Kinder der Erde – Wildnisschule Bayern,1,1,13-11-2022,13-11-2022
14992,Horst Haas Prototypen,1,1,13-11-2022,13-11-2022
14993,naturblau+++ Die Werteagentur,2,1,31-05-2017,31-05-2017
14994,Gandler Risk Management,2,2,31-10-2021,31-10-2021
14995,Mode & Sport Moreau GesmbH,2,2,"31-10-2017, 31-10-2021","31-10-2021, 31-10-2017"
14996,Sehen und Hören Maurer GmbH,2,2,"31-10-2015, 31-10-2021","31-10-2021, 31-10-2015"
14997,Spitalstiftung Konstanz,1,1,31-05-2022,31-05-2022
14998,Forst Baden-Württemberg (ForstBW),2,2,"31-08-2022, 31-12-2024","31-08-2022, 31-12-2024"
15515,Steuerkanzlei Heinrich,1,1,31-10-2022,31-10-2022
15520,Bichlbäck,1,1,31-05-2022,31-05-2022
15525,"Stadtwerke Kufstein GmbH, Wasserabteilunge",1,1,31-05-2022,31-05-2022
15588,"Möckernkiez Genossenschaft für selbstverwaltetes, soziales und ökologisches Wohnen eG",1,1,30-09-2022,30-09-2022
15653,Vitark NV,1,1,31-07-2022,31-07-2022
15717,Stadtverwaltung Steinheim,1,1,31-08-2022,31-08-2022
15795,EarthWays,1,1,31-07-2022,31-07-2022
16161,Wiehag Holding GmbH,1,1,31-05-2022,31-05-2022
17165,swapwork UG (haftungsbeschränkt),1,1,31-07-2022,31-07-2022
17277,Avesani Marta,1,1,,
17818,Saphenus Medical Technology GmbH,1,1,31-03-2022,31-03-2022
17821,Braucommune in Freistadt,1,1,31-05-2022,31-05-2022
17841,Gemeinwohl-Ökonomie Berlin-Brandenburg e.V.,1,1,31-08-2022,31-08-2022
18100,Kulturquartier Münster GmbH,2,2,"28-02-2019, 31-08-2022","31-08-2022, 28-02-2019"
18598,Novatec Consulting GmbH,2,1,31-10-2022,31-10-2022
18750,WITTIG HR CONSULTING,1,1,30-06-2020,30-06-2020
19081,Greenpeace e.V.,2,2,"30-11-2019, 31-10-2022","31-10-2022, 30-11-2019"
19131,Ynova Innovation Company BV,1,1,31-10-2022,31-10-2022
19279,Macrolibrarsi di Golden Books S.r.l.,1,1,30-01-2021,30-01-2021
19282,Remedia di Satanassi & Bosch Società Agricola S.S.,1,1,30-01-2021,30-01-2021
19285,Cappelletti + Bongiovanni Srl,1,1,30-01-2021,30-01-2021
19534,Perspektivatelier,2,2,"31-10-2016, 31-08-2022","31-10-2016, 31-08-2022"
19536,Ilse Lang,2,2,"31-12-2015, 30-09-2022","30-09-2022, 31-12-2015"
19538,Maga Ulli Fejer,1,1,30-09-2022,30-09-2022
19540,Ing. Robert Graf Unternehmensberatung,1,1,30-09-2022,30-09-2022
19542,Simon Brechel Nachhaltigkeitsmanagement,2,1,31-10-2023,31-10-2023
19684,Grüne Erde GmbH,2,2,"31-01-2019, 30-06-2022","31-01-2019, 30-06-2022"
19686,Lux Bau GmbH,2,2,"30-06-2022, 30-11-2024","30-06-2022, 30-11-2024"
19688,blp Geo Services GmbH,1,1,30-06-2022,30-06-2022
19870,Lebenshilfe Tirol gem. GmbH,2,2,"15-09-2016, 28-02-2023","28-02-2023, 15-09-2016"
20027,OIKOPOLIS Participations SA,3,3,"31-10-2016, 28-02-2019, 28-02-2023","28-02-2023, 28-02-2019, 31-10-2016"
20244,Lekido,1,1,31-05-2021,31-05-2021
20289,Sächsische Aufbaubank – Förderbank,1,1,31-05-2023,31-05-2023
20441,Schloss Blumenthal Gmbh & Co. KG,1,1,30-09-2022,30-09-2022
20445,Bürgerenergiegenossenschaft im Landkreis Pfaffenhofen a. d. Ilm eG,1,1,30-09-2022,30-09-2022
20449,Bürger-Energie-Genossenschaft Neuburg-Schrobenhausen-Aichach-Eichstätt eG,1,1,30-09-2022,30-09-2022
20569,Gerd Lauermann,2,2,"30-09-2017, 28-02-2023","28-02-2023, 30-09-2017"
21191,Qaizen GmbH,1,1,31-01-2023,31-01-2023
21570,Nell-Breuning-Haus,2,2,"31-01-2023, 28-02-2026","31-01-2023, 28-02-2026"
21623,Sparkasse Berchtesgadener Land,2,2,"31-01-2023, 28-02-2025","31-01-2023, 28-02-2025"
22084,Diözese St. Pölten – Jugendhaus Schacherhof,1,1,30-11-2022,30-11-2022
22119,Gemeinwohlagentur Rubatscher Dagmar,1,1,31-10-2022,31-10-2022
22381,mICU-Alps GmbH,1,1,31-10-2022,31-10-2022
22385,Haus of Commons,1,1,31-10-2022,31-10-2022
22388,Gute Frücht,1,1,31-10-2022,31-10-2022
22392,Mag. Michael Zitterl,1,1,31-10-2022,31-10-2022
22408,bhz Stuttgart e.V.,1,1,31-12-2022,31-12-2022
22420,Evangelisches Johannesstift Jugendhilfe gGmbH,1,1,28-02-2023,28-02-2023
22580,doubleSlash Net-Business GmbH,1,1,31-03-2023,31-03-2023
22589,Organisationsberatung Annelen Schulze Höing,1,1,28-02-2023,28-02-2023
22837,Lindig Coaching-Wachstum-Integraton,1,1,31-03-2023,31-03-2023
23161,Hans Meyer,1,1,31-01-2023,31-01-2023
23225,followfood GmbH,1,1,31-08-2023,31-08-2023
23246,GeoTeam Gesellschaft für umweltgerechte Land- und Wasserwirtschaft mbH,2,2,"30-06-2023, 30-09-2025","30-06-2023, 30-09-2025"
23248,Objekt-Service GmbH,1,1,30-06-2023,30-06-2023
23250,Stefan Wladarsch,1,0,,
23252,Luisenburg Festspiele,1,0,,
23715,Regensburg Tourismus GmbH (RTG),2,2,"28-02-2023, 31-01-2025","28-02-2023, 31-01-2025"
24522,LEBARTE  Johannes Falch,3,3,"31-05-2016, 30-04-2020, 10-12-2023","30-04-2020, 10-12-2023, 31-05-2016"
24525,Eva Dornauer,2,2,"15-09-2016, 10-12-2023","10-12-2023, 15-09-2016"
24528,Dr. Langniß Energie & Analyse,1,1,31-01-2023,31-01-2023
24791,WFG Bornheim,2,2,"28-02-2023, 31-10-2025","28-02-2023, 31-10-2025"
24834,Chemical Check GmbH,2,2,31-10-2025,31-10-2025
24840,Graf Metternich-Quellen Karl Schöttker KG,1,1,,
24842,Goldeimer gGmbH,1,1,30-04-2023,30-04-2023
24844,Markthalle Betriebsgesellschaft mbH,1,1,30-04-2023,30-04-2023
24848,Naturkost Nord Großhandelsgesellschaft mbH,1,1,30-04-2023,30-04-2023
24893,SERBUS KG des Christof Haidacher & Co.,1,1,21-12-2022,21-12-2022
24896,Mellauner S.r.l.,1,1,31-01-2023,31-01-2023
24898,Holzer Bus GmbH,1,1,21-12-2022,21-12-2022
24901,Wipptalreisen OHG,1,1,21-12-2022,21-12-2022
24903,SiMobil GmbH,1,1,21-12-2022,21-12-2022
25016,Silbernagl Markus GmbH,1,1,21-12-2022,21-12-2022
25018,Fugger Reisen KG d. Volgger Werner & Co.,1,1,21-12-2022,21-12-2022
25020,Taferner GmbH,1,1,21-12-2022,21-12-2022
25029,Steiner Touring GmbH,1,1,21-12-2022,21-12-2022
25050,visuellverstehen GmbH,2,2,"31-03-2023, 31-05-2025","31-03-2023, 31-05-2025"
25099,Auto Rainer GmbH,1,1,21-12-2022,21-12-2022
25101,Seiwald KG des Seiwald Klaus & Co.,1,1,21-12-2022,21-12-2022
25192,Wolf Oeding Unternehmensberatung,1,1,31-05-2023,31-05-2023
25344,smile! Solutions GmbH,1,1,28-02-2022,28-02-2022
25346,Schwarzseher GmbH,1,1,28-02-2022,28-02-2022
25349,UnternehmensSinn PartGes,1,1,28-02-2022,28-02-2022
25351,tetrateam – Nachhaltige Konzepte OHG,2,2,"28-02-2022, 31-12-2024","31-12-2024, 28-02-2022"
25379,Westerwald-Brauerei H.Schneider GmbH & Co.KG,2,2,"30-06-2023, 30-06-2025","30-06-2023, 30-06-2025"
25426,Petersilchen GmbH,2,1,,
25428,Lebenshilfe Brakel gGmbH,1,1,,
25435,framtid GmbH,1,1,30-04-2023,30-04-2023
25482,KarmaKonsum Christoph Harrach,1,1,28-02-2023,28-02-2023
25485,Landkreis Marburg-Biedenkopf / Eigenbetrieb Jugend- und Kulturförderung,1,0,28-02-2023,
25791,Brauerei Gutmann,2,1,"30-04-2023, 28-02-2026",30-04-2023
27428,Easy Mobil GmbH,1,1,31-01-2023,31-01-2023
27430,Pizzinini Mobility GmbH,1,1,31-01-2023,31-01-2023
27432,TLB GmbH,1,1,31-01-2023,31-01-2023
27489,Märkisches Landbrot GmbH,4,4,"31-03-2015, 31-03-2017, 31-03-2019, 31-10-2023","31-10-2023, 31-03-2019, 31-03-2017, 31-03-2015"
27524,Brigitte Göltz – Training und Beratung,1,1,28-02-2023,28-02-2023
28515,Manfred Kofranek,3,3,,
29154,Gute Leute Beratung Brigitte Jacobs-Hombeuel,1,1,31-03-2023,31-03-2023
29166,Gebäudeservice Wodara GmbH,2,2,30-06-2023,30-06-2023
29214,"Andrea Aldosser, Ganzheitliche Personal- und Organisationsentwicklung",1,1,30-04-2023,30-04-2023
29635,AGENTUR FÜR EVALUATION & QUALITÄTSENTWICKLUNG,1,1,,
29652,AAP-ARCHITEKTEN ZT-GMBH,2,2,,
29660,REGIOS EG,1,1,31-12-2015,31-12-2015
29723,FH Burgenland,2,2,"16-06-2016, 31-05-2019","16-06-2016, 31-05-2019"
29726,Kaltenegger & Partner Architekten ZT GmbH,1,1,31-07-2016,31-07-2016
29734,Metzler Käse – Molke GmbH,2,2,"31-05-2016, 30-06-2019","30-06-2019, 31-05-2016"
29753,ReWiG München eG,2,2,"31-12-2013, 30-06-2015","31-12-2013, 30-06-2015"
29769,Radio München gUG,1,1,,
29802,sinnovation – nachhaltig entwickeln,3,3,"31-01-2021, 30-04-2023, 31-08-2025","31-01-2021, 30-04-2023, 31-08-2025"
29813,Grenzstrom Vindved GmbH & CoKG,1,1,31-08-2019,31-08-2019
29821,Irene Müller,1,1,30-09-2019,30-09-2019
29832,Roseli Gonzalves,1,1,31-05-2019,31-05-2019
29850,Alex Wissmann,1,1,30-04-2023,30-04-2023
29889,Gemeinde Nenzing,1,1,31-08-2019,31-08-2019
29892,GefAA TELECONSULT UG (haftungsbeschränkt),2,2,"31-12-2017, 31-08-2020","31-08-2020, 31-12-2017"
30038,Monika Riedl Christallmanufaktur,1,1,30-09-2018,30-09-2018
30047,Dr. Alois Mair,1,1,,
30083,SCHINDEL UND HOLZ,1,1,31-05-2018,31-05-2018
30091,Heinrich Michael Wansch,1,1,30-09-2018,30-09-2018
30096,Gemeindeverband für Abfallwirtschaft und Umweltschutz – Umweltverband,1,1,,
30100,WOOD Kollnig Handelsagentur,1,1,31-05-2018,31-05-2018
30106,BürgerEnergieGenossenschaft eG,1,1,,
30110,Biohotel Amadeus,1,1,30-05-2019,30-05-2019
30114,BioHotel und Gastronomie Burg Lenzen,1,1,30-05-2019,30-05-2019
30127,Condrobs e.V.,1,1,,
30132,"embedded linux devices, EXD",1,1,31-10-2016,31-10-2016
30139,Familienferienanlage Gut Nisdorf GmbH,1,1,30-05-2019,30-05-2019
30144,Juwelier Ernst-Walter Poser,1,1,31-03-2019,31-03-2019
30147,Steinmetz Braun GmbH,1,1,31-07-2023,31-07-2023
30149,HNO Praxis Dr. Ioannis Charalampakis,1,1,31-07-2023,31-07-2023
30151,Marianne Voit-Lipowsky,1,1,31-07-2023,31-07-2023
30153,Regionalkollektiv eG,1,1,31-07-2023,31-07-2023
30156,Techgenossen eG,1,1,31-07-2023,31-07-2023
30299,Münchner Aids- Hilfe e.V.,1,1,30-11-2019,30-11-2019
30305,PARITÄTISCHE Sozialpsychiatrisches Zentrum München gGmbH,1,1,30-11-2019,30-11-2019
30309,qnipp GmbH,1,1,30-09-2018,30-09-2018
30317,Hotel Gutshaus Stellshagen,1,1,30-05-2019,30-05-2019
30321,zündstoff. fair organic clothing S. Klemz & M. Rau GbR,1,1,30-08-2019,30-08-2019
30326,Biohof Lecker GbR,1,1,31-07-2019,31-07-2019
30333,two4science,1,1,30-04-2023,30-04-2023
30337,Africa Green Tec AG,1,1,,
30343,Windkraft Simonsfeld AG,2,2,"30-06-2023, 30-04-2025","30-06-2023, 30-04-2025"
30353,Zallis Naturkost Cafe,1,1,31-07-2019,31-07-2019
30355,Malteser Hilfsdienst gemeinnützige GmbH,1,1,31-07-2019,31-07-2019
30357,Lebensraum Holz GmbH,1,1,31-08-2019,31-08-2019
30380,Schlaraffenburger Streuobstagentur,1,1,30-04-2023,30-04-2023
30768,Points Gesellschaft für digitale Informationssysteme mbH,1,1,30-06-2023,30-06-2023
30925,Andreas Heilmann Gartengestaltung,1,1,31-07-2019,31-07-2019
30962,corsus corporate sustainability GmbH,3,3,"31-07-2017, 30-06-2018, 30-04-2023","30-04-2023, 30-06-2018, 31-07-2017"
31380,avance Unternehmensberatung GmbH,1,1,30-04-2023,30-04-2023
32323,Markus Hölzl,1,1,30-04-2023,30-04-2023
32425,Ivo Knoll,1,1,31-08-2023,31-08-2023
32904,Radio Next Generation GmbH & Co. KG (Sender egoFM),2,2,"30-04-2023, 31-07-2025","30-04-2023, 31-07-2025"
32906,SFP Architekten GmbH,1,1,31-03-2023,31-03-2023
32984,Judith Landes Training – Beratung – Mediation,1,1,30-06-2023,30-06-2023
32995,Headgate,3,3,"31-03-2019, 31-05-2023","31-03-2019, 31-05-2023"
33004,inoio gmbh,1,1,31-07-2023,31-07-2023
33062,Gardion UG,1,1,31-05-2023,31-05-2023
33071,Freiburg Institut,1,1,31-05-2023,31-05-2023
33279,Landimmobilien,1,1,31-05-2023,31-05-2023
33281,IFSM,1,1,30-09-2023,30-09-2023
33611,kuhs architekten,1,1,31-05-2023,31-05-2023
33857,München kocht!,2,2,30-11-2023,30-11-2023
33859,Transition Woods gGmbH,1,1,30-11-2023,30-11-2023
33861,Reformhaus Mayr e.K.,1,1,30-11-2023,30-11-2023
33863,"Schwabinger Automobil Haus, Gebr. Herrmann GmbH & Co KG",1,1,30-11-2023,30-11-2023
34187,Coaching Zahn,1,1,30-06-2023,30-06-2023
34415,AXICA Kongress- und Tagungszentrum  GmbH,1,1,30-09-2023,30-09-2023
34879,St.Rochus-Apotheke,3,3,"31-12-2018, 31-10-2021, 31-01-2024","31-10-2021, 31-01-2024, 31-12-2018"
34938,be4energy GmbH,2,1,30-09-2023,30-09-2023
34942,Brumaire Verlag,1,1,30-09-2023,30-09-2023
34944,Stadtteilzentrum Steglitz e.V,1,1,30-09-2023,30-09-2023
35273,"Theater Salz+Pfeffer, Nürnberg",2,2,"30-06-2023, 30-09-2025","30-06-2023, 30-09-2025"
35274,Kaiser & Kühne Freizeitgeräte GmbH,2,1,30-06-2023,30-06-2023
35275,A & K Engemann GbR,1,1,,
35292,"Meister Küfner Nusseckenmanufaktur, Nürnberg",2,2,"30-06-2023, 30-09-2025","30-06-2023, 30-09-2025"
35296,"FARCAP Faire Mode gGmbH, Fürth",2,2,"30-06-2023, 30-09-2025","30-06-2023, 30-09-2025"
35297,D-QuESTioN,1,1,30-04-2023,30-04-2023
35298,"Hauswirtschaftliches Service-Team GmbH, Baiersdorf",1,1,30-06-2023,30-06-2023
35299,IFUB GmbH,1,1,30-11-2023,30-11-2023
35300,HBplus Dinkelscherben GmbH Steuerberatungsgesellschaft,1,1,31-07-2022,31-07-2022
35301,MAG. VERENA FLORIAN,1,1,,
35302,nature and progress,1,1,30-04-2023,30-04-2023
35304,Rahm Projektmanagement Schlüsselfertigbau GmbH,1,1,31-03-2023,31-03-2023
35305,Rosy Green Wool GbR – Rosmary Stegmann und Patrick Gruban,1,1,31-07-2023,31-07-2023
35306,SAD Nahverkehr AG,1,0,,
35307,"Stimmumschwung, Hayo Keckeis, Wilhermsdorf",2,2,"30-06-2023, 30-09-2025","30-06-2023, 30-09-2025"
35308,Strom vom Dach,1,1,31-05-2022,31-05-2022
35606,WEtell GmbH,2,2,"30-09-2023, 31-10-2025","30-09-2023, 31-10-2025"
35652,Naturerlebniszentrum Allgäu,1,1,31-07-2023,31-07-2023
35657,Freilich Unverpackt – Stefanie Grömmer & Martin Kensy Gbr,1,1,31-07-2023,31-07-2023
35667,Wertachtal-Werkstätten gGmbH,2,2,"31-07-2023, 31-12-2025","31-12-2025, 31-07-2023"
35669,Mattlihaus KG,1,1,31-07-2023,31-07-2023
35671,SÄBU Holzbau GmbH,1,1,23-07-2023,23-07-2023
35674,Allgäu GmbH,1,1,31-07-2023,31-07-2023
35676,Dreimäderlhaus,1,0,,
35678,Füssen Tourismus und Marketing,1,1,31-07-2023,31-07-2023
36506,BOSSE WESTPHAL SCHÄFFER Architekten und Sachverständige PartGmbB,1,1,31-12-2017,31-12-2017
36525,hamburger immobilienberater Regine Rega-Lindner und Stefan Wendt-Reese GbR,1,1,31-01-2018,31-01-2018
36527,KARDEA GmbH,1,1,31-12-2015,31-12-2015
36531,LebensArt  GbR,1,1,31-12-2017,31-12-2017
36533,DI Siegfried Lerchbaumer,1,1,31-12-2014,31-12-2014
36536,JUSTUS MATTHIAS – ARCHITEKTEN,1,1,30-11-2016,30-11-2016
36543,RAUM.WERTcc DIin Ursula Spannberger,1,1,30-06-2017,30-06-2017
36546,Büro für Erneuerbare Energie Ing. Leo Riebenbauer GmbH,1,1,30-06-2015,30-06-2015
36548,"AISENBREY, RICHTER & PARTNER",1,1,31-12-2015,31-12-2015
36556,Wofgang Biebel,1,1,31-12-2015,31-12-2015
36608,"N-Motion, Röhrle & Henle Partnerschaftsgesellschaft",1,1,31-01-2024,31-01-2024
36656,Cornelia Burth,1,1,28-02-2016,28-02-2016
36659,cardamom,1,1,31-07-2016,31-07-2016
36662,Reinhard Decker  Unternehmensberater,2,2,"31-05-2016, 30-11-2024","31-05-2016, 30-11-2024"
36666,echoholos,1,1,31-05-2017,31-05-2017
36671,Engineer M.E. Ing. Markus Eisner,1,1,31-03-2016,31-03-2016
36677,Peter Eschner,1,1,31-08-2018,31-08-2018
36684,Prof. Dr. Bernd Fittkau,1,1,,30-12-2016
36697,FORUM BERUFSBILDUNG MÜNCHEN KARL THIESSEN,2,2,"31-12-2013, 31-12-2014","31-12-2013, 31-12-2014"
36711,Gaby Belz GmbH,1,1,31-03-2017,31-03-2017
36724,global values,1,1,30-12-2014,30-12-2014
36728,Höller Seminare,1,1,30-04-2016,30-04-2016
36730,homann colormanagement,1,1,31-12-2016,31-12-2016
36733,Institut für Zukunftskompetenzen e.U.,1,1,,
36736,JELINEK AKADEMIE e.U.,1,1,30-06-2015,30-06-2015
36746,KAIROS – WIRKUNGSFORSCHUNG & ENTWICKLUNG GEMEINNÜTZIGE GMBH,1,1,31-12-2015,31-12-2015
36749,Busse Franchise Kommunikation,1,1,,31-07-2017
36753,Koloo Projects,1,1,30-04-2018,30-04-2018
36756,SOUND STRATEGY e.U.,1,1,30-06-2014,30-06-2014
36795,Veronika Lamprecht GAIA-Akademie,1,1,30-12-2013,30-12-2013
36799,LernSINN erlebBAR e.V.,1,1,30-11-2016,30-11-2016
36803,LWP Institut Hannover,1,1,30-09-2016,30-09-2016
36805,Mae Terra – Seminare Anne Tscharmann & Robert Pilak,1,1,31-03-2016,31-03-2016
36811,mentalenz Corinna Lütsch & Carsten Schaeffer GbR,1,1,31-07-2017,31-07-2017
36813,Nagl-Pölzer Consulting,1,1,30-08-2015,30-08-2015
36824,Ökomarkt Verbraucher- und Agrarberatung e.V.,1,1,28-02-2016,28-02-2016
36827,DI Elke Szalai Planung&Vielfalt,1,1,31-03-2016,31-03-2016
36830,QuintLog e.U.,1,1,31-12-2018,31-12-2018
36834,RARENA Dr. Ralf Resch Nachhaltigkeitsberatung,1,1,31-03-2016,31-03-2016
36838,sattler energie consulting gmbh,1,1,30-12-2016,30-12-2016
36845,schink-kantoku,1,1,30-11-2016,30-11-2016
36865,Ingenieurbüro Schlagmann,1,1,31-03-2016,31-03-2016
36869,SERI Nachhaltigkeitsforschungs und –kommunikations GmbH,1,1,31-12-2013,31-12-2013
36872,STEAUF Stefanie Aufleger,1,1,31-05-2017,31-05-2017
36874,GESVIT Karl Steinwender e.U.,1,1,31-12-2015,31-12-2015
36877,Holger Stützle IT- & Organisationsberatung,1,1,30-09-2017,30-09-2017
36883,Trigon Entwicklungsberatung registrierte Genossenschaft mit beschränkter Haftung,1,1,31-12-2013,31-12-2013
36892,Nikolaus Teixeira communications & design,1,1,30-10-2018,30-10-2018
36903,Gugler GmbH,2,2,"31-12-2013, 31-08-2024","31-12-2013, 31-08-2024"
36906,interlink marketing e. U. Anna Oladejo,1,1,30-11-2018,30-11-2018
36912,KLUFAMILY Familie & Beruf Management GmbH,1,1,31-12-2015,31-12-2015
36947,Oliver Kirchhof,1,1,30-11-2023,30-11-2023
36951,Karsten Geisler,1,1,30-11-2023,30-11-2023
36997,sinnwerkstatt Medienagentur GmbH,1,1,30-11-2016,30-11-2016
37001,taz Verlags u. Vertriebs GmbH,1,1,31-03-2017,31-03-2017
37056,Nina Baresch,1,1,31-12-2014,31-12-2014
37060,SpielScheune der Geschichten,2,2,"28-02-2016, 31-07-2018","31-07-2018, 28-02-2016"
37075,Aka Merch & Textil GmbH,1,1,30-11-2023,30-11-2023
37182,St. Gereon Seniorendienste gemeinnützige GmbH,1,1,30-04-2015,30-04-2015
37265,Baukult ZT GmbH,1,1,30-06-2023,30-06-2023
37267,Dr. Norbert Wißgott,1,1,30-09-2013,30-09-2013
37370,Steuerkanzlei Uwe K.Eberhardt,2,2,"31-05-2017, 31-07-2023","31-07-2023, 31-05-2017"
37391,DYAS Beratungsges. mbH,1,1,31-07-2023,31-07-2023
37562,Weingut Jurtschitsch,1,1,30-06-2023,30-06-2023
37564,Tanzschule Schwebach,2,2,30-06-2014,30-06-2014
37618,Vereinigte Volksbank eG,1,1,31-05-2023,31-05-2023
37700,EZ-Akademie | Vitale Menschen Unternehmen Gemeinden (Verein),1,1,31-05-2017,31-05-2017
37702,ANJA HAIDER-WALLNER/ SMILEVEDA,2,2,"31-12-2015, 30-11-2018","30-11-2018, 31-12-2015"
37705,Maria Henkys ShopConsult-NRW,1,1,30-11-2015,30-11-2015
37707,Armin Hipper – Büro für Nachhaltigkeit & Wirtschaftsethik,2,2,"24-03-2016, 30-06-2018","24-03-2016, 30-06-2018"
37715,Smaranda Beate Keller Smart Work Design,1,1,25-04-2016,25-04-2016
37740,Felix Oesch – Beratungen Gallusberg GmbH,1,1,31-03-2016,31-03-2016
37744,Wodara Immobilien e.K.,1,1,30-10-2020,30-10-2020
37746,Raum für Bewusst Sein GmbH,1,1,28-02-2015,28-02-2015
37748,Otto Raich,1,1,24-03-2016,24-03-2016
37751,Christoph Spahn,1,1,30-12-2015,30-12-2015
37753,Beat Stroo,1,1,31-12-2015,31-12-2015
37755,Michael Vongerichten,1,1,31-03-2017,31-03-2017
37758,Michael Weiss,1,1,31-10-2016,31-10-2016
38079,Bio-Marktgemeinschaft eG Stemmerhof,2,2,"31-12-2014, 31-12-2016","31-12-2014, 31-12-2016"
38094,dwp eG Fairhandelsgenossenschaft Ravensburg,1,1,31-12-2015,31-12-2015
38098,Fairmondo eG,1,1,30-11-2016,30-11-2016
38102,GÖTTIN DES GLÜCKS eG.,3,3,"31-12-2014, 31-12-2015, 31-08-2017","31-12-2014, 31-12-2015, 31-08-2017"
38107,KLEIDERgrün,1,1,30-12-2018,30-12-2018
38110,Nets.werk Steyr – Nachhaltig leben,1,1,31-12-2014,31-12-2014
38145,TAGWERK Großhandel für Naturkost GmbH,1,1,30-12-2015,30-12-2015
38148,Weltladen Lienz,2,2,"31-05-2018, 31-08-2023","31-08-2023, 31-05-2018"
38150,Dr. Susanne Schmall,1,1,30-09-2021,30-09-2021
38374,ELVG Bentlage GmbH,1,1,30-11-2017,30-11-2017
38378,Videotechnik Ing. Friedel HANS e.U.,1,1,31-12-2014,31-12-2014
38607,Kleeschulte Erden GmbH & Co. KG,1,1,31-03-2024,31-03-2024
38663,Bioplan GbR Büro für Ökologie und Umweltplanung,1,1,31-05-2023,31-05-2023
38692,Graf GmbH,1,1,31-12-2015,31-12-2015
38694,DER HOLZHOF GmbH  Kunze,1,1,31-08-2016,31-08-2016
38704,R.U.S.Z. Franchising GmbH,1,1,30-07-2018,30-07-2018
39029,Technischen Hochschule Nürnberg Georg Simon Ohm,1,1,31-10-2023,31-10-2023
39034,Evang. Kirchengemeinde Rosphetal-Mellnau,1,1,31-08-2023,31-08-2023
39550,Schmedshof,1,1,31-03-2024,31-03-2024
39616,Krämerei am Markt,1,1,31-03-2024,31-03-2024
40111,PAPERBOATS Lenja Rother,1,1,30-11-2023,30-11-2023
40119,Prof. Dr. Bernd Hümmer,1,1,30-11-2022,30-11-2022
40169,Ctn Consulting,1,1,31-07-2023,31-07-2023
40219,Kaiser Haus GmbH & Co. KG,1,1,31-05-2023,31-05-2023
40298,PROMA Versicherungsmakler GmbH & Co.KG,1,1,30-09-2023,30-09-2023
40573,STEAUF-Werkstatt,1,1,29-02-2024,29-02-2024
40588,ProEngeno GmbH & Co. KG,1,1,31-01-2024,31-01-2024
40822,Hofgut Eichigt GmbH,1,1,30-11-2023,30-11-2023
40871,Hotel Balance,1,1,30-06-2017,30-06-2017
40874,BÜRGERSTIFTUNG PFALZ UND NATURHOTEL STIFTSGUT KEYSERMÜHLE,1,1,31-03-2017,31-03-2017
40880,Rad-Hof Erfurt,1,1,31-12-2015,31-12-2015
40892,camera obscura GmbH,1,1,31-08-2023,31-08-2023
40894,biokaiser GmbH,1,1,31-10-2023,31-10-2023
40896,Goldmund Kommunikation,1,1,31-08-2023,31-08-2023
40899,Vanovi Design,1,1,31-08-2023,31-08-2023
40968,Tischlein Deck Dich e. V.,1,1,31-01-2018,31-01-2018
40970,b.it GmbH,4,4,"30-12-2013, 30-06-2015, 30-06-2018, 28-02-2025","30-12-2013, 30-06-2015, 30-06-2018, 28-02-2025"
40974,ETTL-SOFTWARE GMBH,1,1,30-12-2013,30-12-2013
40976,Tut-All Software GmbH,1,1,30-06-2015,30-06-2015
40981,ADAMAH BioHof G. Zoubek Vertriebs KG,1,1,30-06-2018,30-06-2018
40983,Bioland e.V.,2,2,"30-11-2017, 31-01-2025","30-11-2017, 31-01-2025"
40985,Bioland Gärtnerei am Hainerbach Harro Colshorn,2,2,"30-12-2014, 31-12-2015","30-12-2014, 31-12-2015"
40988,Bioland Lammertzhof – Fam. Hannen GbR,2,2,"30-12-2015, 31-12-2017","31-12-2017, 30-12-2015"
40994,"Der Service Gaertner Gärtnermeister, Reinhard Sperr",1,1,31-12-2017,31-12-2017
40996,Margit  und Josef Mayr-Lamm,2,2,"28-09-2013, 31-03-2016","28-09-2013, 31-03-2016"
41022,Entwicklung Gemeinwohl Kunst,1,1,31-01-2024,31-01-2024
41039,GartenLeben GmbH,1,1,31-12-2015,31-12-2015
41043,Bioland Gärtnerei Hecker,2,2,"31-12-2014, 31-12-2015","31-12-2014, 31-12-2015"
41051,Kartoffelkombinat – der Verein e.V.,1,1,31-12-2017,31-12-2017
41057,SEKEM Holding for Investment S.A.E. 3,1,1,31-12-2013,31-12-2013
41060,Heckel Engineering & Projektdienstleistungen neu,1,1,30-06-2015,30-06-2015
41064,Business School Lausanne,1,1,31-10-2016,31-10-2016
41070,Hochschule Bremen,1,1,30-11-2016,30-11-2016
41075,Waldkindergarten St. Andrä,1,1,30-06-2015,30-06-2015
41078,Dr. Hingerl & Partner,1,1,31-08-2017,31-08-2017
41207,Kirchner Konstruktionen GmbH,3,3,"30-06-2015, 26-04-2016, 31-10-2018","30-06-2015, 26-04-2016, 31-10-2018"
41212,Weltweitwandern GmbH,1,1,30-12-2015,30-12-2015
41214,bio austria – Verein zur Förderung des Biologischen Landbaus,1,1,30-09-2017,30-09-2017
41216,The Camphill School,1,1,30-07-2017,30-07-2017
41321,Café Chrysander,1,1,31-10-2023,31-10-2023
41402,siebold/hamburg messebau gmbh,1,1,31-10-2023,31-10-2023
41522,Klima Kontor – Planung und Beratung GmbH,1,1,31-10-2023,31-10-2023
41902,Oliver Tunnat,1,1,30-11-2023,30-11-2023
42107,GWÖ – Gemeinwohl-Ökonomie GmbH,1,0,,
44173,Pineta Hotels,1,1,,
44178,Sadesign SNC,1,1,12-12-2021,12-12-2021
44182,Monteverde Cooperativa Sociale di Solidarietà – Onlus,1,1,12-05-2023,12-05-2023
44668,A&P Steuerberatungsgesellschaft mbH,1,1,31-12-2014,31-12-2014
44670,ARGEkultur gemeinnützige GmbH,1,1,06-09-2018,06-09-2018
44680,BAUMGARTNER & CO GMBH,1,1,31-12-2016,31-12-2016
44685,BestPractice AG,1,1,30-12-2015,30-12-2015
44687,BioBauernladen Kremstal GmbH,1,1,31-03-2017,31-03-2017
44706,Biolandhof Josef Braun,1,1,30-09-2017,30-09-2017
44709,Bodengraf GmbH,1,1,30-09-2017,30-09-2017
44711,Service für Haus & Garten Markus Brandl,1,1,30-04-2015,30-04-2015
44713,Createur de Interieur – Ing. Christian Supola,1,1,31-03-2016,31-03-2016
44715,De Öko Melkburen GmbH,1,1,30-04-2017,30-04-2017
44720,Corona Bürotechnik GmbH,1,1,30-06-2023,30-06-2023
44722,DESIGNKRAFT Werbeagentur,1,1,30-09-2017,30-09-2017
44724,Die Grünen Salzburg,1,1,30-09-2017,30-09-2017
44741,Die Grünen im Salzburger Landtag,1,1,30-09-2017,30-09-2017
44749,Die Wohnwerkstatt GmbH – Massivholz – Tischlerei Schallmooser,1,1,30-09-2017,30-09-2017
44751,Druckerei Nienstedt GmbH,1,1,30-04-2017,30-04-2017
44753,Fair Handels GmbH,1,1,15-09-2016,15-09-2016
44755,Ferienhof Möller,1,1,30-04-2017,30-04-2017
44757,Verein freipflanzen,1,1,15-09-2016,15-09-2016
44759,GreenPrint Osttirol e. U.,1,1,31-05-2018,31-05-2018
44761,GRONAU PHOTOGRAPHIE – Brigitte und Emanuel Gronau GbR,1,1,31-12-2015,31-12-2015
44765,DIE GRÜNEN – GRÜNE ALTERNATIVE TIROL,1,1,31-12-2015,31-12-2015
44771,Raumausstatter Hegemann,1,1,28-02-2019,28-02-2019
44779,"Thomas Huber, Bauernhof „Kripp“",1,1,15-09-2016,15-09-2016
44781,IBOR AG CNC-Zerspanung,1,1,31-12-2015,31-12-2015
44783,Impact Hub Munich GmbH,1,1,31-12-2017,31-12-2017
44785,Intercoiffeur Erich,1,1,08-04-2014,08-04-2014
44787,K.u.F. Drack GmbH & Co KG,1,1,31-12-2016,31-12-2016
44803,KOCHUNDSIMON GbR,1,1,31-05-2017,31-05-2017
44805,basilikum – soulfood,1,1,30-12-2018,30-12-2018
44809,LANG HOLZWÄRME GMBH,1,1,30-12-2015,30-12-2015
44813,Eissalon Franz Leonardelli KG,2,2,"30-06-2014, 30-04-2024","30-04-2024, 30-06-2014"
44816,Jochen Lindenfeld Agentur für Kommunikation,1,1,30-04-2019,30-04-2019
44820,GÄRTNEREI LÖWENZAHN,1,1,30-06-2015,30-06-2015
44823,MAKAvA delighted GmbH,1,1,31-07-2016,31-07-2016
44825,Malermeister Andree Antosch,1,1,30-04-2017,30-04-2017
44827,MaranVEGAN GmbH,1,1,31-12-2018,31-12-2018
44832,Meierei Horst eG,1,1,30-04-2017,30-04-2017
44845,Mercacultura GmbH,1,1,31-07-2016,31-07-2016
44856,klasse idee gGmbH,1,1,30-09-2016,30-09-2016
44858,Oktoberdruck AG,1,1,31-12-2015,31-12-2015
44860,OWUS Berlin-Brandenburg e.V.,1,1,31-12-2017,31-12-2017
44864,PersonalDock GmbH,1,1,28-02-2016,28-02-2016
44867,Quartiermeister – korrekter Konsum GmbH,1,1,31-12-2017,31-12-2017
44869,Quatsch mit Soße – Stefanie Griesse,1,1,30-09-2016,30-09-2016
44871,RABOLD UND CO. e.U.,1,1,31-05-2019,31-05-2019
44874,ray facility management group Nils Bogdol GmbH,1,1,28-02-2019,28-02-2019
44932,Biohof Reumann,1,1,30-06-2015,30-06-2015
44937,Rudolf Steiner Haus Hamburg e.V.,1,1,28-02-2016,28-02-2016
44939,satis&fy AG,1,1,06-05-2016,06-05-2016
44942,Schachinger Logistik Holding GmbH,1,1,31-03-2016,31-03-2016
44946,Schirnhofer Gesellschaft m.b.H.,1,1,30-06-2015,30-06-2015
44949,Naturgarten Schönegge Schönegge GmbH,1,1,31-12-2017,31-12-2017
44951,SPES GmbH,1,1,30-04-2017,30-04-2017
44953,Sroka Stahl- und Anlagenbau U.G. & Co. KG,1,1,30-06-2015,30-06-2015
44955,EVA STEIGER NATURGESTALTUNGEN,1,1,30-12-2015,30-12-2015
44957,Sterntalerhof – Verein für ganzheitliche Lebensbegleitung,1,1,08-04-2016,08-04-2016
44959,Zentrum Mensch Andrea Stoffers,1,1,31-03-2016,31-03-2016
44961,sun.e-solution GmbH,1,1,31-05-2018,31-05-2018
44963,Talents4Good GmbH,1,1,31-12-2017,31-12-2017
44965,Vorarlberger Gemeindeverband,1,1,30-09-2018,30-09-2018
44998,oceanBASIS GmbH,1,1,31-01-2024,31-01-2024
45011,Gemeinschaft zur Förderung und Vernetzung der freien Künste Bochums e.V.,1,1,30-11-2023,30-11-2023
45134,Unternehmensberatung & Training Dr. Sukowski,1,1,31-12-2017,31-12-2017
45136,Volkshilfe Tirol,1,1,30-06-2015,30-06-2015
45138,Walch Bewegt GmbH,1,1,31-05-2016,31-05-2016
45140,"wellYunit, Sabine Siehl e.K.",1,1,28-02-2016,28-02-2016
45142,WirkWandel Impuls GmbH,1,1,31-12-2017,31-12-2017
45146,DAS ZENTRUM – Marietta Sonja Keller,1,1,30-06-2015,30-06-2015
45149,CRM – Coastal Research & Management,1,1,31-01-2024,31-01-2024
45156,zimmerwerkstatt Nicola Bannier und Michael Weber,1,1,28-02-2016,28-02-2016
45835,Meisterfloristik Oberndorf,1,1,30-06-2024,30-06-2024
45837,Mag. Dr. Martin Sturmer,1,0,,
45839,Soziale Initiative gem. GmbH,1,1,30-06-2024,30-06-2024
45841,Theater ecce,1,1,30-06-2024,30-06-2024
45871,Greenpeace Schweiz,1,1,31-10-2023,31-10-2023
45874,GWÖ Schweiz,1,1,31-10-2023,31-10-2023
45948,Fastenopfer,1,1,31-10-2023,31-10-2023
45950,Stiftung Praktischer Umweltschutz Schweiz – Pusch,1,1,31-10-2023,31-10-2023
45955,öbu – der Verband für nachhaltiges Wirtschaften (Verein),1,1,31-10-2023,31-10-2023
46088,Yellow Birds Consulting GmbH & Co. KG,2,1,"31-12-2019, 31-05-2023",31-12-2019
46711,Kinder lernen Leben gGmbH,1,1,31-10-2023,31-10-2023
46802,e-fect dialog evaluation consulting eG,2,2,"30-06-2019, 31-01-2024","30-06-2019, 31-01-2024"
46969,Ev. Jugendhilfe Geltow e.V.,1,1,31-10-2023,31-10-2023
46971,Ev. Jugendhilfe Bochum e.V.,1,1,31-10-2023,31-10-2023
46973,Münsterland gGmbH,1,1,31-10-2023,31-10-2023
46983,Diakonieverbund Schweicheln e.V.,2,2,31-10-2023,31-10-2023
46986,"abw – gemeinnützige Gesellschaft für Arbeit, Bildung und Wohnen mbH",1,1,31-10-2023,31-10-2023
46988,Ev. Jugendhilfe Schweicheln,1,1,31-10-2023,31-10-2023
47041,Thomas Uloth Unternehmensberatung,2,2,"30-09-2020, 31-12-2023","30-09-2020, 31-12-2023"
47141,TOFU Manufaktur Christian Nagel GmbH,1,1,31-10-2023,31-10-2023
47495,Flores Farm GmbH,1,1,29-02-2024,29-02-2024
47812,deVega Medien GmbH,1,1,31-10-2023,31-10-2023
47814,Degree Clothing GmbH,1,1,31-10-2023,31-10-2023
47816,Willert Holding GmbH,1,1,31-10-2023,31-10-2023
47819,Spielzeugmuseum,1,1,31-10-2023,31-10-2023
48061,Wildbad Rothenburg Evgl. Tagungsstätte KdöR,1,1,29-02-2024,29-02-2024
48622,Medus des Andreas Gögele & Co. KG,1,1,28-02-2022,28-02-2022
48630,MITTELBERGER & CO OHG,1,1,30-12-2020,30-12-2020
50170,ECB-Beratung GmbH,1,1,30-04-2024,30-04-2024
50336,IMPULSGEBEREI,1,1,31-10-2023,31-10-2023
50520,Textlandia Sibylle Reuter,1,1,31-10-2023,31-10-2023
50759,Josef Sigl e.U.,1,0,,
51013,GM Software Systeme GmbH,1,1,31-10-2023,31-10-2023
51046,Hoffnungszeichen | Sign of Hope e.V.,1,1,30-04-2024,30-04-2024
51682,HR Pioneers GmbH,1,1,29-02-2024,29-02-2024
51855,Liot Kunststofftechnik,2,2,"31-10-2020, 31-12-2023","31-12-2023, 31-10-2020"
52502,Baril Coatings,2,1,31-01-2023,31-01-2023
52579,Die Bremer Stadtreinigung,1,1,30-04-2024,30-04-2024
52862,Havelmi eG,1,1,31-03-2024,31-03-2024
52981,Lederer Boutique Hotel,1,1,15-11-2023,15-11-2023
52985,Hotel Melanie GmbH,1,1,15-11-2023,15-11-2023
52990,Hotel zur Post GmbH,1,1,15-11-2023,15-11-2023
52993,Geschw. Steiner Felseralm GmbH & Co.KG.,1,1,15-11-2023,15-11-2023
53438,Reishofers Pasch UG,1,1,31-10-2023,31-10-2023
53621,Sport Wolf,1,1,31-03-2024,31-03-2024
53775,DLG – Gemeinnützige Dienstleistungsgesellschaft der Re-gion Weiz G.m.b.H.,1,1,31-03-2024,31-03-2024
54126,Gertruden-Hof,1,1,29-02-2024,29-02-2024
55101,mehrWerte Unternehmensentwicklung,3,3,31-01-2024,31-01-2024
55121,Beschäftigungsförderung Göttingen (kAöR),1,1,30-11-2023,30-11-2023
55125,Deutsches Theater in Göttingen GmbH,1,1,30-11-2023,30-11-2023
55127,Kommunale Dienste Göttingen (KDG) kAöR,1,1,30-11-2023,30-11-2023
55129,Seniorenzentrum Göttingen gGmbH,1,1,30-11-2023,30-11-2023
55440,Rudolf Eckel Federnfabrik,1,1,31-03-2024,31-03-2024
55745,wobkom GmbH,1,1,29-02-2024,29-02-2024
55981,Ernährungs-Vitalstoffberatung Lydia Zahn,1,1,21-12-2023,21-12-2023
55987,Die Praxis – Maya Heinrichmeier,1,1,21-12-2023,21-12-2023
56033,Sempact AG,2,2,"21-12-2023, 30-06-2024","30-06-2024, 21-12-2023"
56171,Raidboxes GmbH,1,1,31-08-2024,31-08-2024
56298,Hotel Grafenast GmbH,1,1,24-01-2024,24-01-2024
56300,Biohotel Stillebach GmgH & CoKG,1,1,24-01-2024,24-01-2024
56302,Hotel Leutascherhof – Wandl OHG,1,1,24-01-2024,24-01-2024
56307,Biohotel Rupertus GmbH & CoKG,1,1,31-12-2023,31-12-2023
56309,Hotel Steineggerhof Resch Kurt & CoKG,1,1,31-12-2023,31-12-2023
56311,Biohotel Bergkristall,1,1,31-12-2023,31-12-2023
56313,Naturresort Gerbehof,1,1,31-12-2023,31-12-2023
56526,Breinlinger Ingenieure,1,1,31-12-2023,31-12-2023
56534,Kloster Kirchberg – Berneuchener Verein,1,1,,
56536,Mutpol – Diakonische Jugendhilfe Tuttlingen,1,1,,
56881,Topp Textil GmbH,1,1,30-06-2024,30-06-2024
57026,CariKids gGmbH,1,1,29-02-2024,29-02-2024
58579,Aktion Eine Welt e.V.,1,1,31-03-2024,31-03-2024
59060,Claudia Schleicher | Engagement & Change,1,1,29-02-2024,29-02-2024
59391,No Time To Waste (Snew),1,1,31-01-2023,31-01-2023
59402,Parktheater Eindhoven,1,1,,
61590,nowwork GbR,1,1,30-09-2024,30-09-2024
61662,Vollkornbäckerei Barth GmbH,1,1,30-06-2024,30-06-2024
61933,IMPROVE-Bildung mit Zukunft,1,1,30-04-2024,30-04-2024
62100,TESD GmbH,1,1,31-10-2024,31-10-2024
62102,lahaye tiedemann gestalten GbR,1,1,31-10-2024,31-10-2024
62105,BOS Balance of Storage Systems,1,1,31-10-2024,31-10-2024
62156,Gemeinschaftskrankenhaus Havelhöhe,1,1,31-08-2024,31-08-2024
62168,cramer & müller service GmbH & Co. KG / cramer müller & partner consulting PartG,1,1,31-03-2024,31-03-2024
62183,Uitgeverij Genoeg,1,1,,
63662,Stiegl-Gut Wildshut GmbH,1,1,31-08-2024,31-08-2024
64591,PRO-PLAN GmbH,1,1,30-11-2024,30-11-2024
64599,Bio Metzgerei Juffinger GmbH,1,1,30-11-2024,30-11-2024
64601,Dödlinger Touristik GmbH,1,1,30-11-2024,30-11-2024
64664,Onze-Lieve-Vrouwekathedraal Antwerpen,1,1,30-06-2024,30-06-2024
64666,de Koer,1,1,30-06-2024,30-06-2024
64668,Campus National,1,1,30-06-2024,30-06-2024
64670,Maria-Elisabeth Belpaire,1,1,30-06-2024,30-06-2024
64887,GreenWebspace  Riedmatten It Solutions e.U.,1,1,31-05-2024,31-05-2024
65212,K2 Engineering GmbH,1,1,30-06-2024,30-06-2024
65752,Kanzlei Besser Steuerberatungsgesellschaft mbH,1,1,31-07-2024,31-07-2024
66816,Urpunkt,1,1,31-03-2024,31-03-2024
67207,Atelier Marianna,2,2,"31-10-2020, 31-05-2024","31-10-2020, 31-05-2024"
67263,Stuttgarter Bäder,1,0,30-04-2025,
68060,Netzwerk Geburt und Familie e.V.,2,2,"31-03-2021, 31-07-2024","31-07-2024, 31-03-2021"
68219,Regionaldirektion Martin Bantle e.K.,1,1,30-06-2024,30-06-2024
68530,TAOASIS GmbH Natur Duft Manufaktur,1,1,31-10-2024,31-10-2024
72205,P1 Consulting GmbH,1,1,31-01-2025,31-01-2025
72941,Fundraiserperpassione srl sb,1,0,29-07-2023,
72957,FONDAZIONE MIRAFIORI,1,0,29-07-2023,
72960,Società Mutua Piemonte ETS,1,0,29-07-2023,
73439,Caritasverband für den Landkreis Emmendingen e.V.,1,1,30-09-2024,30-09-2024
73570,SCHELP MEDIATION,1,1,30-06-2024,30-06-2024
73618,HeimatERBE GmbH,1,1,30-09-2024,30-09-2024
74013,Müller & Mooseder Unternehmensberatung,1,1,30-11-2024,30-11-2024
74298,Unternehmensberatung Hagmann,1,1,31-03-2025,31-03-2025
75496,Diakonie Düsseldorf e.V.,1,1,31-12-2024,31-12-2024
75629,mondo buchhandlung,1,1,30-11-2024,30-11-2024
76896,International School Augsburg -ISA- gAG,1,1,31-01-2025,31-01-2025
76898,Team23 GmbH,1,1,31-01-2025,31-01-2025
77329,Haus Luise,2,2,"31-01-2022, 31-07-2024","31-01-2022, 31-07-2024"
77336,Werner Furtner Consulting,2,2,"31-01-2022, 30-06-2024","31-01-2022, 30-06-2024"
77444,Stadtreinigung Hamburg,1,1,30-11-2024,30-11-2024
77849,Stadtwerke München GmbH,1,1,30-09-2024,30-09-2024
78247,stg – Die MitarbeiterBerater GmbH,1,1,31-10-2024,31-10-2024
78313,Allgäu Batterie GmbH & Co. KG,2,1,31-07-2024,31-07-2024
78324,JanKoTec – Zukunft. Nachhaltig. Gestalten.,1,1,30-09-2024,30-09-2024
78364,Gregor Meister,1,1,31-08-2024,31-08-2024
78430,müller ofenbau gmbh,1,1,30-11-2024,30-11-2024
78432,TECTUM GmbH,1,1,30-11-2024,30-11-2024
78890,lands,2,2,"28-02-2019, 31-07-2024","28-02-2019, 31-07-2024"
78957,GEMEINHARDT SERVICE GmbH,2,2,"31-10-2022, 31-12-2024","31-10-2022, 31-12-2024"
79094,Lebuco e.U.,1,1,31-03-2025,31-03-2025
79370,Anne Berg – Bewusster Wandel,1,1,31-07-2024,31-07-2024
79534,playfulmind GmbH,1,1,30-11-2024,30-11-2024
79708,"Neumarkter Lammsbräu, Gebr. Ehrnsperger KG",1,1,30-09-2024,30-09-2024
80060,"MehrWert GmbH für Finanzberatung und Vermittlung, Bamberg",1,1,31-10-2024,31-10-2024
80062,"Ökokiste Schwarzach e.K., Schwarzach a. Main",1,1,31-10-2024,31-10-2024
80067,"radius UG, Ihr Fahrrad-Kurier in Würzburg",1,1,31-10-2024,31-10-2024
80072,"MINOVA Information Services GmbH, Würzburg",1,1,31-10-2024,31-10-2024
80263,Barghorn GmbH & Co. KG,1,1,31-12-2024,31-12-2024
80265,Artist MesseService und -Bau GmbH & Co. KG,1,1,31-12-2024,31-12-2024
80267,Edition Progris,1,1,31-12-2024,31-12-2024
80269,IB Bernsteinzimmer Immobilienverwaltung GmbH,1,1,31-12-2024,31-12-2024
80325,Kenneth Alexander Grodotzki,1,1,30-09-2024,30-09-2024
80677,Imdahl-Institut,1,1,31-07-2024,31-07-2024
81881,Sportvereinigung Feuerbach 1883 e.V.,1,1,30-09-2024,30-09-2024
82244,Raiffeisenbank Region St. Pölten eGen,1,1,31-10-2024,31-10-2024
82407,KREUZER Medien GmbH,1,0,,
82677,Meraner Weinhaus – PUR Südtirol,1,0,,
82684,innovia gem GmbH,2,2,"28-02-2021, 31-07-2024","28-02-2021, 31-07-2024"
82861,vhs Kempten,1,1,31-07-2024,31-07-2024
82864,ANWANDER (Anwander GmbH & Co. KG / Anwander-Waldmann GmbH & Co. KG),1,1,31-07-2024,31-07-2024
82868,Gemeinschaft Sulzbrunn eG,1,1,31-07-2024,31-07-2024
82902,renergie Allgäu e.V.,1,1,31-07-2024,31-07-2024
82906,Lebenshilfe Ostallgäu-Kaufbeuren e.V.,1,1,31-07-2024,31-07-2024
82913,Naturpark Nagelfluhkette e.V.,1,1,31-07-2024,31-07-2024
82924,Biohof Lecker GbR,1,1,31-12-2024,31-12-2024
82926,Grünland der Bioladen,1,1,31-12-2024,31-12-2024
83190,Kollar GmbH,1,1,30-11-2024,30-11-2024
83220,upDATE Gesellschaft für Beratung und Training mbH,1,1,30-09-2024,30-09-2024
83223,Institut für Nachhaltigkeit – Institute for Sustainability,1,1,30-09-2024,30-09-2024
83226,Kieferorthopädie Löwenzahn,1,1,30-09-2024,30-09-2024
83738,RÖSTTROMMEL GMBH KAFFEERÖSTEREI,1,1,30-09-2024,30-09-2024
83967,Evelyn Peppler,1,1,31-08-2024,31-08-2024
83986,Blank_Canvas,1,1,31-08-2024,31-08-2024
83988,EcoEmbassy,1,1,31-08-2024,31-08-2024
84129,Gottwald Finanznavigator,1,1,30-09-2024,30-09-2024
84326,Capri HotelbetriebsGmbH & Co KG,2,2,"28-02-2021, 31-12-2024","31-12-2024, 28-02-2021"
84520,"becker druck, F.W. Becker G,bH",1,1,31-12-2024,31-12-2024
84555,Caritasverband Arnsberg-Sundern e.V.,1,1,31-12-2024,31-12-2024
84568,Ökokiste Bosshammersch Hof,1,1,31-12-2024,31-12-2024
84571,Big Picture Consulting GmbH,1,1,31-07-2024,31-07-2024
84610,Content5 AG,1,1,31-07-2024,31-07-2024
84747,forStory GmbH,1,1,31-07-2024,31-07-2024
84749,NEST Architekten GbR,1,1,31-07-2024,31-07-2024
84783,Hotel & Restaurant Menge,1,1,31-12-2024,31-12-2024
84899,MYCB1 Group B.V.,1,1,31-01-2025,31-01-2025
85041,"Berglandkräuter aus Hessen, M. Rehs & U. Kern GbR",1,1,31-12-2024,31-12-2024
85120,ensian Group GmbH |  elobau GmbH & Co KG,4,4,"30-09-2018, 30-06-2020, 31-01-2023, 31-12-2024","30-06-2020, 31-01-2023, 30-09-2018, 31-12-2024"
85214,Bioland Lammertzhof – Fam. Hannen GbR,1,1,31-12-2024,31-12-2024
85360,Markt5- Der regionale Concept Store,1,1,31-12-2024,31-12-2024
85373,POLIFANT Stuttgart gGmbH,1,1,30-11-2024,30-11-2024
85412,Bioladen Regenbogen Thomas Wälter,1,1,31-12-2024,31-12-2024
86947,Hara Do | Institut für Wachstum UG,1,1,30-09-2024,30-09-2024
87387,Blackroll AG,1,1,24-08-2024,24-08-2024
87389,Rolf Schanz Gmbh – Schanz Bänder,1,1,,
87391,Strobel AG,1,1,25-08-2024,25-08-2024
87407,Caritasverband Paderborn e.V.,1,1,31-08-2024,31-08-2024
87410,GAB Gesellschaft für Arbeits- und Berufsförderung gGmbH,1,1,31-08-2024,31-08-2024
87413,Schloss Hamborn Rudolf Steiner Werkgemeinschaft e.V.,1,1,31-08-2024,31-08-2024
87416,Struck-Leuchten GmbH & Co. KG,1,1,31-08-2024,31-08-2024
87524,hansekonzept Dirk Rosenstock,1,1,30-11-2024,30-11-2024
88846,i+m Naturkosmetik Berlin GmbH,1,1,30-09-2025,30-09-2025
89051,Lafim-Diakonie a.V.,1,1,30-11-2024,30-11-2024
90051,Christian Jensen Kolleg gemeinnützige GmbH Breklum,1,1,31-07-2025,31-07-2025
90060,Bureau SoSo – Nachhaltiges Grafikdesign,1,1,31-03-2025,31-03-2025
90090,Simon Veith | Nachhaltige Fotografie,1,1,31-03-2025,31-03-2025
90359,Schwarzer Business Quality,1,1,31-10-2024,31-10-2024
90581,Dr. Dr. Behrens Beratung Coaching Training,1,1,31-10-2024,31-10-2024
90744,Faunt,1,0,,
90787,BMR Human Resources Interim Management,1,1,31-10-2024,31-10-2024
90809,Carry Products GmbH,1,1,31-08-2024,31-08-2024
90814,REUTER × BOBETH,1,1,31-08-2024,31-08-2024
90816,BRILLENkammer,1,1,31-08-2024,31-08-2024
90862,Pro Raum GmbH,1,1,31-03-2025,31-03-2025
91279,ESN Deutsche Tischtennis Technologie GmbH,1,1,31-12-2024,31-12-2024
91324,TRESS Brüder (TRESS Lebensmittel GmbH & Co. KG & Tress Gastronomie GmbH & Co. KG),1,1,31-03-2025,31-03-2025
91596,Dr. Arthur Pelchen,1,1,28-02-2025,28-02-2025
91614,AMC Luxembourg,1,1,31-12-2024,31-12-2024
92361,"Action Waterscape, S.L.",2,2,30-10-2019,30-10-2019
92363,Cuinatur,2,2,,
92365,Grupo La Plana,2,2,31-12-2018,31-12-2018
92367,Hotel Voramar,2,2,,
92393,Biotremol,1,1,,
92403,Coworking Nomad,2,2,,
92435,IMPRESUM GRAFICAS LITOLEMA S.L.,1,1,,
92457,Animación y logística cultural S.L.U.,2,2,20-10-2020,20-10-2020
92467,Alive Surf,1,1,01-04-2019,01-04-2019
92485,Zaragoza Vivienda,1,1,15-11-2018,15-11-2018
92487,LMC,1,1,16-06-2016,16-06-2016
92489,ArtMarketing SL,2,2,"16-12-2015, 25-05-2018","16-12-2015, 25-05-2018"
92491,Aloeysalud,1,1,20-01-2016,20-01-2016
92495,Folgado,1,1,20-10-2022,20-10-2022
92497,Imanol Medrano de Azpeitia,1,1,21-02-2016,21-02-2016
92499,Fundación Horta Sud,1,1,21-03-2017,21-03-2017
92501,Delibera,1,1,22-07-2016,22-07-2016
92503,Biocosas,1,1,22-07-2016,22-07-2016
92505,Kaleidos,1,1,24-05-2018,24-05-2018
92507,Angaraveca,1,1,24-05-2018,24-05-2018
92511,Can Cet,1,1,25-07-2016,25-07-2016
92513,Oceanográfica,2,2,"30-08-2015, 30-10-2020","30-08-2015, 30-10-2020"
92515,Limonium Canarias SL,1,1,30-09-2015,30-09-2015
92517,Ética patrimonios S.L.U.,1,1,30-10-2019,30-10-2019
92525,Centro de psicología y Coaching Valencia S.L.,1,1,31-12-2023,31-12-2023
92608,beckers bester GmbH,1,1,31-10-2024,31-10-2024
92832,Naturkost Elkershausen GmbH,1,1,31-10-2024,31-10-2024
92844,Zimmerei Diedrich – Die Gesundhausbauer GmbH,1,1,31-10-2024,31-10-2024
93101,sd vybrant GmbH,1,1,28-02-2025,28-02-2025
93793,Vision11 GmbH,1,1,31-12-2024,31-12-2024
93873,Lotta Karotta Bio-Lieferservice OHG,1,1,31-10-2024,31-10-2024
93954,Schöberl & Pöll GmbH,1,1,30-11-2024,30-11-2024
93957,"Alpenland Gemeinnützige Bau-, Wohn- und Siedlungsgenossenschaft reg.Gen.m.b.H.",1,1,30-11-2024,30-11-2024
93959,ConPlusUltra GmbH,1,1,30-11-2024,30-11-2024
93961,da-ka hausbetreuungs GmbH,1,1,30-11-2024,30-11-2024
93999,easyconsult GmbH,1,1,30-06-2025,30-06-2025
94595,Vivat Lingua! Sprachtrainingsprogramme GmbH,1,1,31-12-2024,31-12-2024
94655,subject:RESOUL AG,1,1,31-05-2025,31-05-2025
95454,Stadtmobil Südbaden AG,1,1,28-02-2025,28-02-2025
96610,peppair GmbH,1,1,31-01-2025,31-01-2025
96622,Steuerkanzlei Pfann,1,1,31-01-2025,31-01-2025
96971,fair:möbeln,1,1,31-12-2024,31-12-2024
96973,Steuerberatungskanzlei Berkelmann,1,1,31-12-2024,31-12-2024
96975,PRÄSENTATIONSWERK,1,1,31-12-2024,31-12-2024
97748,Hofbauernhof Laden GbR,1,1,31-12-2024,31-12-2024
98748,Hofmann & Drews GbR,1,1,31-08-2025,31-08-2025
98840,Destination Wattens Regionalentwicklung GmbH,1,1,31-03-2025,31-03-2025
98918,noventum consulting GmbH,1,1,31-07-2025,31-07-2025
99165,Die Mitmachzentrale e.V.,1,1,31-07-2025,31-07-2025
99328,prosa Architektur+Stadtplanung BDA,2,1,31-07-2025,31-07-2025
101017,Flotte Karotte,1,1,08-12-2024,08-12-2024
101028,Ökokiste Kößnach GmbH & Co. KG,1,1,31-12-2024,31-12-2024
101128,HPP,1,1,31-12-2024,31-12-2024
101562,Sommerland YogaKultur Erbach,1,1,31-07-2025,31-07-2025
101564,Katharina Fiedler,1,0,,
101568,iCONDU GmbH,1,1,31-07-2025,31-07-2025
101570,SPINDLER Dachdeckerei-Spenglerei GmbH,1,1,31-07-2025,31-07-2025
101572,w e i s s Architekten,1,1,31-07-2025,31-07-2025
101888,DAS HELDEN ATELIER,1,1,28-02-2025,28-02-2025
102365,Vinzenz Service GmbH,3,3,"31-10-2020, 31-12-2022, 30-06-2025","31-10-2020, 31-12-2022, 30-06-2025"
102421,Wirtschaftsförderung Münster GmbH,1,1,31-10-2025,31-10-2025
102906,Datenschutzberatung Janthur GmbH,1,1,31-01-2025,31-01-2025
104183,Bernd Hümmer (freiberufliche Tätigkeit) nicht in obigem Register,1,1,31-07-2025,31-07-2025
104216,Das Diakonische Werk der Evangelischen Landeskirche in Baden e.V.,1,1,31-05-2025,31-05-2025
104639,CrossmarX,1,1,31-03-2025,31-03-2025
104921,Mag. Daniela Christine Schwaiger,1,1,28-09-2025,28-09-2025
106077,Križevci Entrepreneurship Center,1,0,31-08-2025,
106276,The New School for Information Services,1,1,31-03-2025,31-03-2025
106552,step GbR,1,1,31-07-2025,31-07-2025
106945,Stiftung Theologische Hochschule Reutlingen der Evangelisch-methodistischen Kirche,1,1,31-05-2025,31-05-2025
109043,ASC Göttingen von 1846 e.V.,1,1,28-02-2026,28-02-2026
110257,Flipped Job Market,1,1,31-03-2025,31-03-2025
110308,Klaus Stuckert GmbH und Co. KG,1,1,31-10-2025,31-10-2025
110900,Göttinger Sport- und Freizeit Verwaltungs GmbH,1,1,28-02-2026,28-02-2026
111111,Fegerl Consulting Studio Salzburg,1,1,28-02-2025,28-02-2025
111664,Pro Basketball Göttingen GmbH,1,1,,
111946,Wino Biolandbau GmbH&Co.KG,1,1,31-07-2025,31-07-2025
111948,Bibernelle Bio-Lieferdienst,1,1,31-07-2025,31-07-2025
111951,Beethoven-Haus Bonn,1,1,31-05-2025,31-05-2025
112013,Schulte Verpackungs-Systeme GmbH,1,0,,
112044,Kissing und Team GmbH & CO KG,1,1,30-09-2025,30-09-2025
112046,Stadtwerke Menden GmbH,1,1,25-09-2025,25-09-2025
112211,The Changer GmbH,1,1,31-10-2025,31-10-2025
112674,Oasia GbR,1,1,31-03-2025,31-03-2025
112793,Willmes und Partner,1,1,25-09-2025,25-09-2025
112820,Lehm-Laden GmbH & Co. KG,1,1,31-03-2025,31-03-2025
112863,Hof am Weiher AG und Öko- Marktgemeinschaft Saar-Pfalz-Hunsrück GmbH,1,1,30-06-2025,30-06-2025
113132,Allgemengwuel Agence,1,1,31-07-2025,31-07-2025
113802,Hitzacker/Dorf eG,1,1,31-03-2025,31-03-2025
113857,Experts & Talents Center of HR Excellence GmbH,1,1,31-07-2025,31-07-2025
115235,Bunte Burger GmbH,1,1,31-05-2025,31-05-2025
115469,WERKHAUS Design + Produktion GmbH,1,1,31-03-2025,31-03-2025
115472,Thomas Schanz Solutions,1,1,30-06-2025,30-06-2025
115631,Schütte Baumarkt GmbH & Roggan KG,1,1,31-03-2025,31-03-2025
117420,Leotron Srl Società Benefit,1,0,05-05-2024,
117424,Centro Papa Giovanni XXIII Soc. Cooperativa Soc,1,0,05-05-2024,
117428,Cha Maria Srl Società Benefit,1,0,05-05-2024,
118354,Caritasverband Köln,1,1,31-05-2025,31-05-2025
118474,base – homes for students GmbH,1,1,31-07-2025,31-07-2025
118507,SK SESSELKAMPAGNE GmbH,1,1,31-03-2025,31-03-2025
118513,KölnBäder GmbH,1,1,31-05-2025,31-05-2025
118847,"Haus Dschulnigg, Annemarie Kerrer",1,1,30-04-2025,30-04-2025
118849,Zentrum Zeitgenössischer Musik – Kunsthaus Nexus,1,1,30-04-2025,30-04-2025
118851,Rieder.Steuer.Beratung,1,1,30-04-2025,30-04-2025
119258,Holzmanufaktur Rottweil GmbH,1,1,30-06-2025,30-06-2025
120252,Profilwerkstatt GmbH,1,1,30-11-2025,30-11-2025
122149,Rheinsberger Preussenquelle GmbH,1,1,31-10-2025,31-10-2025
122626,Brausen GbR,1,1,30-11-2025,30-11-2025
123176,Diakonie Hasenbergl e. V.,1,1,30-09-2025,30-09-2025
124183,Husumer Horizonte,1,0,,
124336,Christine Ehlers-werterleben,1,1,31-08-2025,31-08-2025
124365,Business-health,1,1,31-08-2025,31-08-2025
124367,blueContec GmbH,1,1,31-08-2025,31-08-2025
124369,Maßstab Diamant GmbH,1,1,31-08-2025,31-08-2025
124371,senne products GmbH,1,1,31-08-2025,31-08-2025
124375,SOLVIS GmbH,1,1,31-08-2025,31-08-2025
124379,Planungsbüro Drobka GmbH,1,1,31-08-2025,31-08-2025
124386,Flower Factory,1,1,31-08-2025,31-08-2025
124473,Gräflich Bernstorff´sche Betriebe,1,1,31-03-2025,31-03-2025
124478,ars scribendi,1,1,31-08-2025,31-08-2025
124481,Zahnarztpraxis am Kreuzberg,1,1,31-08-2025,31-08-2025
124485,UnternehmensSinn PartG,1,1,,
124487,camera obscura GmbH,1,1,31-08-2025,31-08-2025
124636,Vorarlberger Landes-Versicherung V.a.G.,2,2,"31-07-2022, 31-08-2025","31-07-2022, 31-08-2025"
124736,Rauszeit Agentur,1,1,30-06-2025,30-06-2025
124805,Hiestermann & Frömchen GmbH,1,1,31-07-2025,31-07-2025
125273,Gesellschaft für Wirtschaftsförderung und Stadtentwicklung Göttingen mbH,1,1,28-02-2026,28-02-2026
126130,Schamong GmbH & Co. KG,1,1,31-10-2025,31-10-2025
126462,Annemarie Bink und Fiona Brinker GbR,1,1,31-07-2025,31-07-2025
126525,Stadtwerke Neumarkt i.d.OPf. Energie GmbH,1,1,30-09-2025,30-09-2025
126529,Stadtwerke Neumarkt i.d.OPf. Freizeit & Leben KU,1,1,30-09-2025,30-09-2025
126541,Indaco Team,2,0,"12-05-2023, 01-06-2025",
126556,Pineta Nature Resort Srl,1,0,12-12-2024,
126575,Hotel Olympic Srl SB,1,0,12-12-2024,
126578,Sadesign SNC,1,0,12-12-2024,
126584,Tenero Consulting sas,1,0,01-06-2025,
126586,CAES – Consorzio Assicurativo Etico Solidale,1,0,01-06-2025,
126590,Società Mutua Piemonte ETS,1,0,01-06-2025,
126876,rebio Regionale BIOLAND-Erzeugergemeinschaft GmbH,1,1,09-08-2025,09-08-2025
127018,Snehotta Pflegeteam,1,1,30-11-2025,30-11-2025
127354,B.A.U.M. Consult GmbH,2,2,"30-11-2020, 31-08-2025","30-11-2020, 31-08-2025"
127384,Blackbit digital Commerce GmbH,1,1,,
127441,Bio-Landgut Fleisch EZG GmbH,1,1,09-08-2025,09-08-2025
127444,silberzebra gmbh,1,1,09-08-2025,09-08-2025
127451,Robi Wache Architekten GmbH,1,1,09-08-2025,09-08-2025
127454,pro… gemeinsam bauen und leben eG,1,1,09-08-2025,09-08-2025
127521,Armin Schmelzle Entwicklungsberatung,1,0,31-07-2025,
127545,LichteGeschichte,1,1,28-09-2025,28-09-2025
127566,Dalitz Immobilien GmbH,1,1,31-05-2025,31-05-2025
127813,Fraktion BÜNDNIS 90/DIE GRÜNEN im Bayerischen Landtag,1,1,31-10-2025,31-10-2025
129564,Drachenstube,1,1,31-12-2025,31-12-2025
129566,Interfacewerk GmbH,1,1,31-12-2025,31-12-2025
129576,Netzwert Partner GmbH,1,1,31-12-2025,31-12-2025
129590,OH LA LAQUA GmbH,1,1,31-12-2025,31-12-2025
129593,STUDIO | STADT | REGION – Förster Kurz Architekten & Stadtplaner Partnerschaft mbB,1,1,31-12-2025,31-12-2025
129596,TARABAO Bio.Fair.Direkt GmbH,1,1,31-12-2025,31-12-2025
129598,Secur Solutions GmbH,1,1,31-12-2025,31-12-2025
129757,Stiftung Gemeinwohl-Ökonomie NRW,1,1,,
129847,LEDtec GmbH,2,1,,
129947,Backwarenbetriebe Herbert Nelles OHG,1,1,31-05-2025,31-05-2025
130169,Das Gemüseabo Max Apfelbacher,1,1,31-05-2025,31-05-2025
130850,Elbers Hof GmbH & Co.KG,1,1,31-07-2025,31-07-2025
130935,RUNA REISEN GmbH,1,1,31-10-2025,31-10-2025
131651,Fachhochschule Dortmund,1,0,31-01-2026,
131662,Nivona Apparate GmbH,1,1,31-10-2025,31-10-2025
131810,Elektrizitätswerk Hindelang e.G.,1,1,,
131820,Städtische Forggensee-Schifffahrt Füssen Eigenbetrieb der Stadt Füssen,1,1,31-07-2025,31-07-2025
131825,Hotel-Restaurant Adler e.K.,1,1,31-07-2025,31-07-2025
131829,Ingenieurbüro Mayer AG,1,1,,
131833,Kurbetriebe Oberstdorf,1,1,31-07-2025,31-07-2025
131835,Tourismusverband Ostallgäu e.V.,1,1,,
131839,Kiehne GmbH & Co KG,1,1,31-07-2025,31-07-2025
132121,TZ Net GmbH,1,1,25-10-2025,25-10-2025
132123,eb24-einfach mehr Service,1,1,25-10-2025,25-10-2025
132125,presigno GmbH,1,1,25-10-2025,25-10-2025
132129,WMC Diktiersysteme GmbH,1,1,25-10-2025,25-10-2025
132138,Die AboKiste – Werkhof Service GmbH,1,1,02-11-2025,02-11-2025
132141,Naturbackstube Kreis e.K.,1,1,02-11-2025,02-11-2025
132143,Help2007 Dortmund UG (haftungsbeschränkt),1,1,02-11-2025,02-11-2025
132147,netz.NRW – Verband für Ökologie und soz. Wirtschaften e.V.,1,1,02-11-2025,02-11-2025
132863,AGIT mbH,1,1,31-10-2025,31-10-2025
133262,Monteverde Cooperativa Sociale di Solidarietà – Onlus,1,0,,
133266,Fundraiserperpassione srl sb,1,0,01-06-2025,
133268,STL srl sb,2,1,"12-05-2023, 01-06-2025",12-05-2023
133339,Feelera Srl società benefit,1,0,16-06-2024,
133341,Azienda Agricola Foradori S.s,1,0,,
133344,IRIS Soc. Coop. Agricola,1,0,16-06-2024,
133348,Treebu Srl società benefit,1,0,16-06-2024,
133351,Greenplanner srl società benefit,1,0,,
133353,Biocaseificio Tomasoni,1,0,16-06-2024,
133954,Christian Rüther e.U.,3,3,31-05-2017,31-05-2017
135008,Bean United GmbH,2,2,"31-10-2022, 30-09-2025","31-10-2022, 30-09-2025"
135335,borisgloger consulting gmbh,1,0,,
135365,Huth Metallbau GmbH & Co. KG,1,1,,
135370,Atlantic Hotel Sail City GmbH,1,1,,
135372,Klimahaus Betriebsgesellschaft mbH,1,1,,
135374,Im-jaich oHG,1,1,,
135620,FC St. Pauli von 1910 e.V.,1,1,31-12-2025,31-12-2025
139341,Evangelische Kirchengemeinden Griesheim und Nied,1,1,31-12-2025,31-12-2025
139376,"Stadtentwässerungsbetriebe Köln, AöR",1,0,31-12-2025,
139397,Alpha IC GmbH,1,1,30-11-2025,30-11-2025
139399,media4nature GmbH,1,1,30-11-2025,30-11-2025
139401,Existenzgründerzentrum Ingolstadt GmbH,1,1,30-11-2025,30-11-2025
139403,Haustechnik Hofer GmbH,1,1,,
139906,Die Autoschmiede Ringsberg GmbH,1,0,31-01-2026,
140188,IMPULSGEBEREI,1,1,31-12-2025,31-12-2025
140204,NAUST HUNECKE und Partner CPA mbH,1,1,30-09-2025,30-09-2025
140348,Dachstiftung Diakonie,1,0,31-01-2026,
140968,authento Vera Boos,1,1,,
143125,greencentive gUG,1,0,31-12-2025,
143130,Futour,1,0,31-12-2025,
143242,Versicherungsagentur Halmenschlager GmbH,1,1,31-10-2025,31-10-2025
143246,PROCESS-M GmbH,1,1,31-10-2025,31-10-2025
143248,SOLAR 4 YOU Consulting Ges.m.b.H.,1,1,31-10-2025,31-10-2025
143250,Hotel Kothmühle GmbH,1,1,31-10-2025,31-10-2025
143252,Michael Winkler,1,1,31-10-2025,31-10-2025
143254,myssion consulting gmbh,1,1,31-10-2025,31-10-2025
143256,Vermessung Schubert ZT GmbH,1,1,31-10-2025,31-10-2025
143258,FOX & FOX OG,1,1,31-10-2025,31-10-2025
143436,Yellow Birds GmbH,1,1,,
144356,Ökologisch-Demokratische Partei  ÖDP,1,1,31-12-2025,31-12-2025
144485,Ökologisch-Demokratische Partei  LV Berlin,1,1,31-12-2025,31-12-2025
144919,Tepui Energy UG,1,0,,
145404,audit.innovation GmbH Wirtschaftsprüfungsgesellschaft,1,1,30-11-2025,30-11-2025
145504,St.Rochus-Apotheke,1,1,,
145512,Gitta Walchner,1,1,30-11-2025,30-11-2025
145526,Dipl.-Ing. H. Bendl GmbH & Co. KG,1,1,31-12-2025,31-12-2025
147396,Michaelshof Hepsisau,1,1,31-12-2025,31-12-2025
150227,Afier Accountants + Adviseurs,1,0,,
150465,Polarstern GmbH,1,1,31-01-2026,31-01-2026
150760,Marianne Voit Coaching-Training-Supervision,1,0,31-03-2026,
150945,Rofin Gewerbepark Eberswalde,1,0,,
152117,Superuse Studios NL BV,1,0,,
152353,Klinglwirt,1,1,,
152355,Schlosshotel & Gasthaus Blumenthal GmbH & Co. KG,1,1,,
153644,Johannesstift Diakonie Jugendhilfe gGmbH,1,0,,
153690,LABORATORIO ECOTECH S.R.L.,1,1,,
153840,corsus corporate sustainability GmbH,1,0,,
153924,ZABELDruck GmbH,1,0,,
153963,viadee Unternehmensberatung AG,1,0,,
154460,Szene – Verein zur Förderung der Kultur,1,0,28-02-2026,
154693,WITTIG HR Consulting,1,0,31-03-2026,
155753,Thomas Uloth Unternehmensberatung,1,0,,
156929,MAJORMAJOR Design Co. Schönbörner – Beerwart Gbr,1,1,,
157021,GREENs Unlimited GmbH,1,1,,
157024,Stanova Stanztechnik GmbH,1,1,,
157458,GT Emission Solutions UG,1,1,,
157602,IDFS Sp. z o.o.,1,0,,
160753,integrate-it Netzwerke GmbH,1,1,,
160755,nexus Institut GmbH,1,1,,
161865,Kurhaus Schärding Barmherzige Brüder,1,0,,
162155,Druckerei Lokay e.K.,1,0,,
162456,Henze Boron Nitride Products AG,1,0,,
163027,Leocor gGmbH,1,0,,
163148,rw-cct GmbH,6,5,"31-05-2021, 30-09-2022","30-09-2022, 31-05-2021"
163181,COMES e.V.,1,1,,
163399,Bundesakademie für Kulturelle Bildung Wolfenbüttel e. V.,1,0,,
163538,Mercè Ardiaca · simultans®,1,1,,
163545,Manuela Höfner – Das Aufräumfest,1,1,,
163584,Heiligenfeld GmbH,1,0,,
164408,AXICA Kongress- und Tagungszentrum GmbH,1,0,,
164413,Thomas Böke,1,1,,
164461,Beigel Steuerberater PartG mbB,1,1,,
164463,dng die neue gesellschaft,1,1,,
164465,stattbau münchen GmbH,1,1,,
164468,terratax Steuerberatungsgesellschaft mbH,1,1,,
165659,ZORA Kinder- und Jugendhilfe gGmbH,1,0,,
166560,Daniel Börnert mindfulbranding,1,1,,
166562,Arch Joint Vision – Noriaki Ikeda,1,1,,
