id,organization,locations_id,employees_id,sectors_id
14885,4e solutions GmbH,550,2.0,38.0
14886,4plus5,744,2.0,6.0
35275,A & K Engemann GbR,390,2.0,25.0
44668,A&P Steuerberatungsgesellschaft mbH,266,3.0,7.0
29652,AAP-ARCHITEKTEN ZT-GMBH,9,3.0,6.0
14887,Abitare,227,2.0,8.0
46986,"abw – gemeinnützige Gesellschaft für Arbeit, Bildung und Wohnen mbH",261,3.0,10.0
92361,"Action Waterscape, S.L.",859,\N,26.0
14888,ad fontes,337,2.0,11.0
40981,ADAMAH BioHof G. Zoubek Vertriebs KG,20,2.0,25.0
14973,Adelby 1 Kinder- und Jugenddienste gGmbH,323,12.0,16.0
92389,AFEF-EBC,832,\N,26.0
150227,Afier Accountants + Adviseurs,921,5.0,7.0
30337,Africa Green Tec AG,516,3.0,12.0
29635,AGENTUR FÜR EVALUATION & QUALITÄTSENTWICKLUNG,195,1.0,7.0
132863,AGIT mbH,479,3.0,\N
92421,Agresta Soc. Cooperativa,835,\N,26.0
92373,Agricología José Manuel Bisetto,801,\N,26.0
36548,"AISENBREY, RICHTER & PARTNER",206,2.0,7.0
37075,Aka Merch & Textil GmbH,471,1.0,32.0
58579,Aktion Eine Welt e.V.,790,1.0,38.0
29850,Alex Wissmann,187,1.0,7.0
92467,Alive Surf,927,1.0,26.0
78313,Allgäu Batterie GmbH & Co. KG,718,4.0,11.0
35674,Allgäu GmbH,714,3.0,26.0
113132,Allgemengwuel Agence,908,1.0,7.0
14665,ALLMENDA Social Business eG,132,1.0,33.0
92491,Aloeysalud,824,1.0,26.0
14889,Alpendruck,115,2.0,28.0
93957,"Alpenland Gemeinnützige Bau-, Wohn- und Siedlungsgenossenschaft reg.Gen.m.b.H.",31,5.0,30.0
139397,Alpha IC GmbH,784,5.0,30.0
92475,Alter Consulta,823,1.0,26.0
92443,Altur coop,800,\N,26.0
14818,"Amann, Ulrike, Raum für Gemeinwesenentwicklung",121,1.0,7.0
91614,AMC Luxembourg,910,3.0,13.0
14819,AmVieh-Theater,382,2.0,37.0
14772,ananjo informatiker,515,2.0,9.0
29214,"Andrea Aldosser, Ganzheitliche Personal- und Organisationsentwicklung",107,1.0,7.0
30925,Andreas Heilmann Gartengestaltung,656,2.0,25.0
92507,Angaraveca,822,1.0,26.0
92457,Animación y logística cultural S.L.U.,853,\N,26.0
37702,ANJA HAIDER-WALLNER/ SMILEVEDA,137,1.0,7.0
79370,Anne Berg – Bewusster Wandel,483,1.0,7.0
126462,Annemarie Bink und Fiona Brinker GbR,336,1.0,38.0
82864,ANWANDER (Anwander GmbH & Co. KG / Anwander-Waldmann GmbH & Co. KG),717,4.0,6.0
92455,Aplicaciones Industriales Valencianas S.L.,857,\N,26.0
14820,Apotheke am Goetheplatz,363,2.0,27.0
14821,ARBA-BIOPLAN Genossenschaft,188,2.0,6.0
14884,Arbatherm,191,2.0,11.0
14822,arbeit plus Salzburg,62,1.0,16.0
92371,Arca de Babel S.L,835,\N,26.0
14737,Architekturbüro Mießl GmbH,702,2.0,6.0
44670,ARGEkultur gemeinnützige GmbH,62,3.0,1.0
37707,Armin Hipper – Büro für Nachhaltigkeit & Wirtschaftsethik,735,1.0,7.0
14966,Armin Schmelzle,69,1.0,7.0
127521,Armin Schmelzle Entwicklungsberatung,69,1.0,7.0
124478,ars scribendi,356,1.0,33.0
80265,Artist MesseService und -Bau GmbH & Co. KG,373,3.0,8.0
92489,ArtMarketing SL,826,1.0,26.0
109043,ASC Göttingen von 1846 e.V.,407,5.0,2.0
92391,Asociación Traperos de Emaús Murcia,827,\N,26.0
92413,Astrotouristing,841,\N,26.0
67207,Atelier Marianna,164,2.0,8.0
135370,Atlantic Hotel Sail City GmbH,343,6.0,37.0
145404,audit.innovation GmbH Wirtschaftsprüfungsgesellschaft,536,1.0,13.0
14891,AUROBIA GmbH & Co KG,707,1.0,7.0
140968,authento Vera Boos,682,1.0,7.0
25099,Auto Rainer GmbH,899,2.0,39.0
31380,avance Unternehmensberatung GmbH,194,1.0,7.0
17277,Avesani Marta,885,1.0,7.0
34415,AXICA Kongress- und Tagungszentrum  GmbH,207,3.0,32.0
133341,Azienda Agricola Foradori S.s,890,3.0,25.0
127354,B.A.U.M. Consult GmbH,503,3.0,7.0
40970,b.it GmbH,74,2.0,9.0
14797,Bäckerei Bahde GmbH,298,4.0,38.0
14722,Backhaus Cramer,600,3.0,25.0
14666,Backkultur,125,2.0,8.0
129947,Backwarenbetriebe Herbert Nelles OHG,484,5.0,8.0
80263,Barghorn GmbH & Co. KG,333,5.0,20.0
52502,Baril Coatings,917,5.0,5.0
118474,base – homes for students GmbH,14,3.0,30.0
44805,basilikum – soulfood,126,2.0,38.0
37265,Baukult ZT GmbH,12,2.0,6.0
44680,BAUMGARTNER & CO GMBH,53,4.0,6.0
14893,Bausinger GmbH,562,1.0,33.0
14696,Bayer und Hochdörffer GbR,642,1.0,7.0
34938,be4energy GmbH,249,2.0,12.0
19776,Bean United GmbH,632,1.0,38.0
135008,Bean United GmbH,632,2.0,25.0
37753,Beat Stroo,178,1.0,7.0
84520,"becker druck, F.W. Becker G,bH",507,4.0,28.0
92608,beckers bester GmbH,410,6.0,25.0
111951,Beethoven-Haus Bonn,481,3.0,1.0
14824,Berg Anne,483,1.0,7.0
85041,"Berglandkräuter aus Hessen, M. Rehs & U. Kern GbR",402,2.0,25.0
14746,BerlinBees Schüler*Innengenossenschaft,227,1.0,25.0
104183,Bernd Hümmer (freiberufliche Tätigkeit) nicht in obigem Register,761,1.0,7.0
14667,Bernhard Oberrauch,903,1.0,6.0
55121,Beschäftigungsförderung Göttingen (kAöR),404,5.0,26.0
44685,BestPractice AG,192,1.0,7.0
14894,BfG – Genossenschaft für Gemeinwohl,5,3.0,33.0
14950,BfG Eigentümer/-innen- und Verwaltungsgenossenschaft eG,5,3.0,13.0
22408,bhz Stuttgart e.V.,546,6.0,16.0
111948,Bibernelle Bio-Lieferdienst,202,2.0,25.0
15520,Bichlbäck,104,3.0,25.0
84571,Big Picture Consulting GmbH,636,1.0,7.0
41214,bio austria – Verein zur Förderung des Biologischen Landbaus,4,2.0,25.0
14825,Bio Hotel Bayerischer Wirt,693,3.0,37.0
14826,Bio Hotel Eggensberger,726,4.0,37.0
64599,Bio Metzgerei Juffinger GmbH,103,4.0,25.0
127441,Bio-Landgut Fleisch EZG GmbH,558,2.0,25.0
38079,Bio-Marktgemeinschaft eG Stemmerhof,616,3.0,38.0
44687,BioBauernladen Kremstal GmbH,54,2.0,25.0
133353,Biocaseificio Tomasoni,877,2.0,25.0
92503,Biocosas,807,1.0,26.0
14721,Bioculture GmbH,621,2.0,22.0
30326,Biohof Lecker GbR,659,2.0,25.0
82924,Biohof Lecker GbR,659,2.0,38.0
44932,Biohof Reumann,140,1.0,25.0
30110,Biohotel Amadeus,281,2.0,37.0
56311,Biohotel Bergkristall,159,2.0,37.0
14987,BIOHOTEL KUNSTQUARTIER,762,2.0,37.0
56307,Biohotel Rupertus GmbH & CoKG,91,3.0,37.0
14763,Biohotel Schiessentobel,71,2.0,37.0
56300,Biohotel Stillebach GmgH & CoKG,116,2.0,37.0
30114,BioHotel und Gastronomie Burg Lenzen,282,3.0,37.0
40894,biokaiser GmbH,489,6.0,25.0
85412,Bioladen Regenbogen Thomas Wälter,507,2.0,25.0
40983,Bioland e.V.,486,2.0,25.0
40985,Bioland Gärtnerei am Hainerbach Harro Colshorn,647,2.0,25.0
41043,Bioland Gärtnerei Hecker,635,1.0,25.0
40988,Bioland Lammertzhof – Fam. Hannen GbR,428,2.0,25.0
85214,Bioland Lammertzhof – Fam. Hannen GbR,428,5.0,25.0
44706,Biolandhof Josef Braun,681,2.0,25.0
14706,Biomarkt La Vida e.K.,707,2.0,38.0
14976,Biond GmbH,383,5.0,33.0
38663,Bioplan GbR Büro für Ökologie und Umweltplanung,414,3.0,33.0
92359,Bioproducts,816,\N,26.0
92393,Biotremol,800,\N,26.0
14761,BioVitalHotel Sommerau,78,2.0,37.0
14937,bittar. worte & zeichen setzen,218,1.0,33.0
14938,BKK ProVita,679,6.0,16.0
127384,Blackbit digital Commerce GmbH,405,4.0,22.0
87387,Blackroll AG,193,5.0,16.0
83986,Blank_Canvas,666,1.0,7.0
14807,Blattfrisch GmbH,286,2.0,38.0
14765,Blattwerk Gartengestaltung GmbH,547,3.0,6.0
19688,blp Geo Services GmbH,44,3.0,33.0
124367,blueContec GmbH,488,1.0,7.0
90787,BMR Human Resources Interim Management,537,1.0,15.0
14895,Bodan,741,6.0,38.0
44709,Bodengraf GmbH,76,1.0,25.0
135335,borisgloger consulting gmbh,510,5.0,7.0
92469,Bornholm,795,1.0,26.0
62105,BOS Balance of Storage Systems,747,4.0,11.0
36506,BOSSE WESTPHAL SCHÄFFER Architekten und Sachverständige PartGmbB,299,2.0,6.0
17821,Braucommune in Freistadt,49,4.0,25.0
25791,Brauerei Gutmann,677,4.0,25.0
122626,Brausen GbR,205,1.0,38.0
56526,Breinlinger Ingenieure,280,5.0,6.0
27524,Brigitte Göltz – Training und Beratung,741,1.0,16.0
90816,BRILLENkammer,210,2.0,8.0
34942,Brumaire Verlag,233,2.0,23.0
14896,BTE Tourismus- und Regionalberatung,212,3.0,37.0
14668,buch7.de GmbH,698,2.0,38.0
14673,Buchbinderei Fuchs,90,3.0,28.0
115235,Bunte Burger GmbH,469,3.0,37.0
90060,Bureau SoSo – Nachhaltiges Grafikdesign,474,1.0,22.0
20449,Bürger-Energie-Genossenschaft Neuburg-Schrobenhausen-Aichach-Eichstätt eG,702,1.0,12.0
30106,BürgerEnergieGenossenschaft eG,498,2.0,12.0
20445,Bürgerenergiegenossenschaft im Landkreis Pfaffenhofen a. d. Ilm eG,680,1.0,12.0
40874,BÜRGERSTIFTUNG PFALZ UND NATURHOTEL STIFTSGUT KEYSERMÜHLE,579,2.0,37.0
36546,Büro für Erneuerbare Energie Ing. Leo Riebenbauer GmbH,155,2.0,12.0
14911,Bürogemeinschaft Sehlbach,228,2.0,16.0
92379,Buscándome Las Habichuelas (BLH),838,\N,26.0
41064,Business School Lausanne,173,4.0,10.0
124365,Business-health,259,1.0,7.0
36749,Busse Franchise Kommunikation,309,1.0,7.0
126586,CAES – Consorzio Assicurativo Etico Solidale,876,2.0,40.0
41321,Café Chrysander,293,2.0,26.0
14775,Cafe Pausenraum,592,1.0,33.0
40892,camera obscura GmbH,222,1.0,23.0
124487,camera obscura GmbH,222,2.0,22.0
64668,Campus National,167,2.0,10.0
92511,Can Cet,811,1.0,26.0
14897,Cappel,166,1.0,7.0
19285,Cappelletti + Bongiovanni Srl,904,2.0,8.0
84326,Capri HotelbetriebsGmbH & Co KG,2,3.0,37.0
36659,cardamom,151,2.0,7.0
57026,CariKids gGmbH,469,5.0,10.0
84555,Caritasverband Arnsberg-Sundern e.V.,507,12.0,16.0
73439,Caritasverband für den Landkreis Emmendingen e.V.,595,6.0,16.0
118354,Caritasverband Köln,469,9.0,16.0
87407,Caritasverband Paderborn e.V.,372,12.0,16.0
90809,Carry Products GmbH,224,2.0,38.0
14759,castello – Wohlfühlhotel in Königsleiten,89,2.0,37.0
14828,"Catucho GbR (Ulrike &Laura Eckhardt), Rösterei",335,1.0,25.0
14829,CCC Druck und Medien GmbH,451,3.0,19.0
92525,Centro de psicología y Coaching Valencia S.L.,858,1.0,26.0
117424,Centro Papa Giovanni XXIII Soc. Cooperativa Soc,907,4.0,16.0
117428,Cha Maria Srl Società Benefit,871,4.0,16.0
24834,Chemical Check GmbH,370,4.0,33.0
92387,Chocolates Artesanos Isabel,849,\N,26.0
14929,Christian Felber,7,2.0,26.0
14898,Christian Jensen Kolleg,329,4.0,10.0
90051,Christian Jensen Kolleg gemeinnützige GmbH Breklum,329,3.0,10.0
133954,Christian Rüther e.U.,7,\N,7.0
124336,Christine Ehlers-werterleben,219,1.0,7.0
14783,"Christof Bader KG – Fliesen, Kachelöfen, Natursteine",84,2.0,6.0
37751,Christoph Spahn,578,1.0,7.0
14766,"cibaria GmbH, ökologisch-biologische Vollkornbäckerei",454,4.0,8.0
92343,Circuitos Aljarafe,848,\N,26.0
59060,Claudia Schleicher | Engagement & Change,423,1.0,7.0
92437,Club de Fútbol Popular Orihuela Deportiva,797,\N,26.0
14816,CMP Competent Management Partners AG,181,1.0,7.0
34187,Coaching Zahn,652,1.0,33.0
30127,Condrobs e.V.,626,12.0,16.0
14989,confideon Unternehmensberatung GmbH,225,3.0,7.0
93959,ConPlusUltra GmbH,31,4.0,7.0
14769,conSalis e.Gen.,62,2.0,7.0
14738,Contecta immobilienvewwaltung GmbH,690,3.0,30.0
84610,Content5 AG,621,3.0,7.0
14931,CONTIGO Fairtrade GmbH,405,6.0,38.0
36656,Cornelia Burth,317,1.0,7.0
44720,Corona Bürotechnik GmbH,252,2.0,11.0
30962,corsus corporate sustainability GmbH,312,2.0,7.0
153840,corsus corporate sustainability GmbH,291,10.0,7.0
14669,"Cosyma, EPU",548,1.0,7.0
92403,Coworking Nomad,833,\N,26.0
62168,cramer & müller service GmbH & Co. KG / cramer müller & partner consulting PartG,509,2.0,7.0
92409,CREARQCIO COOP. V,852,\N,26.0
44713,Createur de Interieur – Ing. Christian Supola,138,1.0,8.0
45149,CRM – Coastal Research & Management,320,2.0,26.0
104639,CrossmarX,911,2.0,35.0
92419,Crowd Spain S.L,833,\N,26.0
40169,Ctn Consulting,98,1.0,7.0
92363,Cuinatur,813,\N,26.0
14670,Culumnatura,19,3.0,26.0
14830,"Czeczatka, Werner & Partner Steuerberatungsgesellschaft",396,4.0,14.0
35297,D-QuESTioN,276,\N,10.0
93961,da-ka hausbetreuungs GmbH,16,5.0,30.0
140348,Dachstiftung Diakonie,417,10.0,16.0
127566,Dalitz Immobilien GmbH,484,1.0,30.0
104216,Das Diakonische Werk der Evangelischen Landeskirche in Baden e.V.,576,6.0,16.0
130169,Das Gemüseabo Max Apfelbacher,484,4.0,38.0
101888,DAS HELDEN ATELIER,700,1.0,7.0
45146,DAS ZENTRUM – Marietta Sonja Keller,176,1.0,7.0
102906,Datenschutzberatung Janthur GmbH,571,2.0,33.0
62109,Datracon,548,1.0,7.0
64666,de Koer,170,2.0,1.0
44715,De Öko Melkburen GmbH,322,1.0,25.0
47814,Degree Clothing GmbH,701,2.0,38.0
92501,Delibera,804,1.0,26.0
14900,Der Fährmann Bestattung und Trauerrituale Bernhard Schöpfer OG,111,2.0,26.0
38694,DER HOLZHOF GmbH  Kunze,145,2.0,8.0
40994,"Der Service Gaertner Gärtnermeister, Reinhard Sperr",58,2.0,25.0
44722,DESIGNKRAFT Werbeagentur,63,1.0,22.0
98840,Destination Wattens Regionalentwicklung GmbH,97,3.0,26.0
55125,Deutsches Theater in Göttingen GmbH,404,6.0,1.0
47812,deVega Medien GmbH,692,4.0,28.0
36827,DI Elke Szalai Planung&Vielfalt,28,1.0,7.0
36533,DI Siegfried Lerchbaumer,118,1.0,6.0
14740,Diabetes und Stoffwechselpraxis Wetter,498,2.0,16.0
75496,Diakonie Düsseldorf e.V.,419,12.0,26.0
123176,Diakonie Hasenbergl e. V.,612,8.0,16.0
14954,Diakonie Herzogsägmühle,712,12.0,16.0
46983,Diakonieverbund Schweicheln e.V.,364,3.0,26.0
132138,Die AboKiste – Werkhof Service GmbH,439,4.0,38.0
139906,Die Autoschmiede Ringsberg GmbH,324,3.0,8.0
52579,Die Bremer Stadtreinigung,340,6.0,40.0
14831,die Fleckenbühler Hof Fleckenbühl gGmbH,395,3.0,16.0
44765,DIE GRÜNEN – GRÜNE ALTERNATIVE TIROL,92,4.0,26.0
44741,Die Grünen im Salzburger Landtag,60,2.0,26.0
44724,Die Grünen Salzburg,62,2.0,26.0
99165,Die Mitmachzentrale e.V.,551,1.0,2.0
55987,Die Praxis – Maya Heinrichmeier,706,1.0,16.0
14762,Die Seitenalm,80,4.0,37.0
44749,Die Wohnwerkstatt GmbH – Massivholz – Tischlerei Schallmooser,62,2.0,8.0
14832,Dietzinger+Partner,663,2.0,25.0
14899,Dinkelbeck,748,2.0,25.0
22084,Diözese St. Pölten – Jugendhaus Schacherhof,36,2.0,26.0
145526,Dipl.-Ing. H. Bendl GmbH & Co. KG,749,6.0,6.0
14866,Dirk Posse,392,1.0,7.0
53775,DLG – Gemeinnützige Dienstleistungsgesellschaft der Re-gion Weiz G.m.b.H.,151,4.0,16.0
64601,Dödlinger Touristik GmbH,110,3.0,39.0
14814,Dorfelektriker Mittelberger GmbH,128,5.0,11.0
14833,Dorfladen Häger e.V.,382,1.0,25.0
14744,Dornbirner Sparkasse Bank AG,132,12.0,13.0
14704,Doro Heckelsmüller,705,1.0,26.0
22580,doubleSlash Net-Business GmbH,732,6.0,9.0
30047,Dr. Alois Mair,73,1.0,16.0
91596,Dr. Arthur Pelchen,242,1.0,7.0
90581,Dr. Dr. Behrens Beratung Coaching Training,539,1.0,7.0
14974,Dr. Gabriele Mönicke,386,1.0,33.0
41078,Dr. Hingerl & Partner,682,2.0,7.0
24528,Dr. Langniß Energie & Analyse,533,2.0,7.0
37267,Dr. Norbert Wißgott,43,1.0,16.0
38150,Dr. Susanne Schmall,407,1.0,7.0
14988,DR. ULRICH WIEK Training & Coaching,530,1.0,7.0
129564,Drachenstube,684,1.0,38.0
35676,Dreimäderlhaus,726,2.0,37.0
28513,DROSG-PLÖCKINGER & PLÖCKINGER OG,11,\N,\N
44751,Druckerei Nienstedt GmbH,303,2.0,28.0
14671,Druckerei Zollenspieker,295,2.0,28.0
38094,dwp eG Fairhandelsgenossenschaft Ravensburg,736,3.0,38.0
37391,DYAS Beratungsges. mbH,316,1.0,7.0
14906,Dynamic Governance Führung und Ethik in der Unternehmensentwicklung Petra Ostfeld,341,2.0,7.0
46802,e-fect dialog evaluation consulting eG,218,2.0,7.0
15795,EarthWays,169,1.0,7.0
27428,Easy Mobil GmbH,899,1.0,39.0
93999,easyconsult GmbH,7,3.0,9.0
14936,easySoft. GmbH,565,5.0,26.0
132123,eb24-einfach mehr Service,438,2.0,33.0
50170,ECB-Beratung GmbH,275,1.0,7.0
14672,ECG Ecotopia,925,1.0,33.0
36666,echoholos,186,1.0,7.0
92395,Eco Invéntame,860,\N,26.0
83988,EcoEmbassy,674,1.0,7.0
14792,Ecofit Biofruchtimport GmbH,538,3.0,38.0
14802,Ecosia GmbH,236,4.0,19.0
80267,Edition Progris,247,1.0,26.0
14845,Ego Elektrikergenossenschaft,191,2.0,11.0
14846,Eigenbetrieb Leben und Wohnen der Landeshauptstadt Stuttgart (ELW),545,12.0,16.0
14926,Eigenbetrieb Stadtentwässerung Mannheim (EBS Mannheim),528,6.0,26.0
44813,Eissalon Franz Leonardelli KG,15,2.0,37.0
14847,EL PUENTE GmbH,362,4.0,38.0
92427,El Sol es vida,839,\N,26.0
130850,Elbers Hof GmbH & Co.KG,353,4.0,25.0
131810,Elektrizitätswerk Hindelang e.G.,722,3.0,12.0
14714,elfgen pick gmbh & co. kg,688,2.0,23.0
38374,ELVG Bentlage GmbH,11,3.0,8.0
14849,EM-Chiemgau- Christoph Fischer GmbH,648,3.0,38.0
14850,EM-faktor GmbH – die social profit agentur,532,3.0,7.0
30132,"embedded linux devices, EXD",27,1.0,9.0
14851,Engel und Brotzge og einfachmoebel,136,2.0,6.0
36671,Engineer M.E. Ing. Markus Eisner,45,1.0,7.0
92339,Enreda,847,\N,26.0
85120,ensian Group GmbH |  elobau GmbH & Co KG,739,12.0,11.0
41022,Entwicklung Gemeinwohl Kunst,188,1.0,7.0
55981,Ernährungs-Vitalstoffberatung Lydia Zahn,705,1.0,7.0
92381,Escuela Ideo,825,\N,26.0
91279,ESN Deutsche Tischtennis Technologie GmbH,789,6.0,5.0
92397,Espais per conviure,854,\N,26.0
92351,ETIC OnLine S.L.,867,\N,26.0
92517,Ética patrimonios S.L.U.,850,1.0,26.0
92471,Eticus Eticae,805,1.0,26.0
40974,ETTL-SOFTWARE GMBH,44,2.0,9.0
46971,Ev. Jugendhilfe Bochum e.V.,442,3.0,10.0
46969,Ev. Jugendhilfe Geltow e.V.,267,4.0,10.0
46988,Ev. Jugendhilfe Schweicheln,364,3.0,10.0
24525,Eva Dornauer,92,1.0,7.0
44955,EVA STEIGER NATURGESTALTUNGEN,137,1.0,38.0
39034,Evang. Kirchengemeinde Rosphetal-Mellnau,394,1.0,26.0
139341,Evangelische Kirchengemeinden Griesheim und Nied,523,6.0,26.0
22420,Evangelisches Johannesstift Jugendhilfe gGmbH,260,12.0,16.0
83967,Evelyn Peppler,764,1.0,7.0
139401,Existenzgründerzentrum Ingolstadt GmbH,675,2.0,7.0
111469,Experts & Talents Center of HR Excellence GmbH,199,3.0,7.0
113857,Experts & Talents Center of HR Excellence GmbH,199,3.0,7.0
37700,EZ-Akademie | Vitale Menschen Unternehmen Gemeinden (Verein),30,1.0,7.0
14852,F & P Stock Solution GmbH,268,4.0,38.0
131651,Fachhochschule Dortmund,432,8.0,10.0
14805,Fahnen-Gärtner GmbH,87,5.0,36.0
44753,Fair Handels GmbH,92,2.0,38.0
96971,fair:möbeln,654,1.0,7.0
14953,fairagent Int. FAI UG (haftungsbeschränkt),253,1.0,30.0
14726,Fairmittler Stefan Gmeiner e.U.,133,1.0,28.0
38098,Fairmondo eG,233,3.0,38.0
30139,Familienferienanlage Gut Nisdorf GmbH,279,2.0,37.0
14742,Farbenmühle mcdrent GmbH & Co.KG,445,2.0,6.0
35296,"FARCAP Faire Mode gGmbH, Fürth",763,\N,36.0
45948,Fastenopfer,179,4.0,26.0
90744,Faunt,468,1.0,38.0
135620,FC St. Pauli von 1910 e.V.,289,7.0,2.0
133339,Feelera Srl società benefit,878,2.0,9.0
111111,Fegerl Consulting Studio Salzburg,66,1.0,7.0
37740,Felix Oesch – Beratungen Gallusberg GmbH,196,1.0,7.0
44755,Ferienhof Möller,322,1.0,37.0
29723,FH Burgenland,137,5.0,10.0
14804,FIBUR GmbH,207,2.0,18.0
110257,Flipped Job Market,794,1.0,33.0
47495,Flores Farm GmbH,535,\N,25.0
101017,Flotte Karotte,443,4.0,38.0
124386,Flower Factory,219,2.0,38.0
14815,FnF Mannheimer Gesellschaft zur Förderung von Arbeitsplätzen,525,4.0,37.0
14776,focus-energie,590,2.0,8.0
14901,Fohlenhof Astner,163,1.0,25.0
92495,Folgado,853,1.0,26.0
23225,followfood GmbH,731,4.0,25.0
72957,FONDAZIONE MIRAFIORI,873,2.0,16.0
14998,Forst Baden-Württemberg (ForstBW),557,12.0,25.0
84747,forStory GmbH,620,2.0,23.0
36697,FORUM BERUFSBILDUNG MÜNCHEN KARL THIESSEN,664,3.0,7.0
14801,Forum Futura UG,216,2.0,32.0
14834,Foto Flausen,62,1.0,33.0
143258,FOX & FOX OG,35,1.0,22.0
127813,Fraktion BÜNDNIS 90/DIE GRÜNEN im Bayerischen Landtag,627,5.0,26.0
25435,framtid GmbH,304,2.0,18.0
56685,Franz Leonardelli KG,15,2.0,37.0
33071,Freiburg Institut,591,2.0,7.0
35657,Freilich Unverpackt – Stefanie Grömmer & Martin Kensy Gbr,719,2.0,38.0
14835,Frobenius-Foisner-Holzeis Steuerberatung GmbH,662,2.0,14.0
25018,Fugger Reisen KG d. Volgger Werner & Co.,901,2.0,39.0
14975,Führen mit… Urte Töpfer,226,1.0,7.0
92481,Fundació Institut Guttman,810,1.0,26.0
92499,Fundación Horta Sud,865,1.0,26.0
72941,Fundraiserperpassione srl sb,880,2.0,32.0
133266,Fundraiserperpassione srl sb,881,1.0,7.0
35678,Füssen Tourismus und Marketing,726,4.0,37.0
143130,Futour,314,1.0,37.0
87410,GAB Gesellschaft für Arbeits- und Berufsförderung gGmbH,380,4.0,16.0
36711,Gaby Belz GmbH,183,1.0,7.0
92385,GAE comunidades,844,\N,26.0
14994,Gandler Risk Management,87,3.0,18.0
33062,Gardion UG,588,2.0,9.0
41039,GartenLeben GmbH,767,2.0,25.0
44820,GÄRTNEREI LÖWENZAHN,709,1.0,25.0
14813,GBG – Mannheimer Wohnungsbaugesellschaft mbH,528,6.0,30.0
29166,Gebäudeservice Wodara GmbH,252,5.0,33.0
14863,Gebhard Moser,121,1.0,7.0
29892,GefAA TELECONSULT UG (haftungsbeschränkt),248,1.0,7.0
14904,Gemeinde Kirchanschöring,661,2.0,29.0
14928,Gemeinde Mäder,129,4.0,29.0
29889,Gemeinde Nenzing,120,5.0,29.0
30096,Gemeindeverband für Abfallwirtschaft und Umweltschutz – Umweltverband,132,2.0,29.0
78957,GEMEINHARDT SERVICE GmbH,201,4.0,6.0
82868,Gemeinschaft Sulzbrunn eG,717,2.0,26.0
45011,Gemeinschaft zur Förderung und Vernetzung der freien Künste Bochums e.V.,441,1.0,1.0
62156,Gemeinschaftskrankenhaus Havelhöhe,262,12.0,16.0
17841,Gemeinwohl-Ökonomie Berlin-Brandenburg e.V.,233,1.0,2.0
22119,Gemeinwohlagentur Rubatscher Dagmar,101,1.0,7.0
14930,"Gemüsekiste, Hartmann & Rönicke OHG",361,5.0,38.0
14654,Genusshandwerker,420,1.0,8.0
23246,GeoTeam Gesellschaft für umweltgerechte Land- und Wasserwirtschaft mbH,779,2.0,33.0
20569,Gerd Lauermann,312,1.0,7.0
14946,Gerd Pöll,384,1.0,7.0
14960,Gerlinde Lamberty,394,3.0,7.0
14836,germanBroker.net Aktiengesellschaft,497,4.0,13.0
14837,Gertec GmbH Ingenieurgesellschaft,444,3.0,33.0
54126,Gertruden-Hof,492,3.0,25.0
52993,Geschw. Steiner Felseralm GmbH & Co.KG.,81,2.0,37.0
14773,Gesellschaft für angewandte Kommunalforschung,391,3.0,7.0
125273,Gesellschaft für Wirtschaftsförderung und Stadtentwicklung Göttingen mbH,408,5.0,29.0
36874,GESVIT Karl Steinwender e.U.,156,1.0,7.0
14943,Giesinger Biermanufaktur und Spez. Braugesellschaft mbH,620,3.0,8.0
14655,Gitta Walchner,594,1.0,7.0
145512,Gitta Walchner,594,1.0,7.0
36724,global values,685,1.0,7.0
51013,GM Software Systeme GmbH,62,1.0,9.0
24842,Goldeimer gGmbH,288,2.0,33.0
40896,Goldmund Kommunikation,258,1.0,23.0
38102,GÖTTIN DES GLÜCKS eG.,2,2.0,38.0
110900,Göttinger Sport- und Freizeit Verwaltungs GmbH,404,6.0,33.0
84129,Gottwald Finanznavigator,387,1.0,7.0
38692,Graf GmbH,596,3.0,8.0
24840,Graf Metternich-Quellen Karl Schöttker KG,370,4.0,25.0
124473,Gräflich Bernstorff´sche Betriebe,351,4.0,25.0
92377,Grasaica S.L.,843,\N,26.0
92369,Green Urban Data SL,855,\N,26.0
143125,greencentive gUG,472,1.0,33.0
19081,Greenpeace e.V.,290,12.0,33.0
45871,Greenpeace Schweiz,184,5.0,26.0
133351,Greenplanner srl società benefit,875,1.0,23.0
44759,GreenPrint Osttirol e. U.,164,2.0,28.0
157021,GREENs Unlimited GmbH,231,5.0,37.0
64887,GreenWebspace  Riedmatten It Solutions e.U.,4,1.0,9.0
78364,Gregor Meister,200,1.0,33.0
29813,Grenzstrom Vindved GmbH & CoKG,330,2.0,12.0
14750,grimm Vermögensberatung,644,1.0,13.0
44761,GRONAU PHOTOGRAPHIE – Brigitte und Emanuel Gronau GbR,641,1.0,7.0
14838,Gruber+Haumer Landschaftsarchitektur.OG,119,1.0,6.0
19684,Grüne Erde GmbH,56,12.0,38.0
82926,Grünland der Bioladen,347,3.0,38.0
92365,Grupo La Plana,817,\N,26.0
157458,GT Emission Solutions UG,447,3.0,33.0
36903,Gugler GmbH,38,5.0,28.0
92425,Guia Natura Eco Tourism,845,\N,26.0
14933,Gunz Warenhandels GmbH,129,5.0,38.0
14839,Gut Sonnenhausen GmbH & Co. KG,686,4.0,37.0
22388,Gute Frücht,100,1.0,25.0
29154,Gute Leute Beratung Brigitte Jacobs-Hombeuel,483,1.0,7.0
42107,GWÖ – Gemeinwohl-Ökonomie GmbH,6,1.0,7.0
45874,GWÖ Schweiz,188,1.0,26.0
14840,h+m Garten und Landschaft,657,2.0,25.0
14745,HABICHT+PARTNER,448,1.0,28.0
36525,hamburger immobilienberater Regine Rega-Lindner und Stefan Wendt-Reese GbR,297,2.0,6.0
23161,Hans Meyer,240,1.0,30.0
14812,Hans Stockmar GmbH & Co.KG,321,4.0,26.0
87524,hansekonzept Dirk Rosenstock,315,1.0,7.0
86947,Hara Do | Institut für Wachstum UG,478,1.0,7.0
14947,Harald Thurner,87,1.0,7.0
118847,"Haus Dschulnigg, Annemarie Kerrer",88,1.0,37.0
77329,Haus Luise,729,1.0,37.0
22385,Haus of Commons,92,1.0,30.0
139403,Haustechnik Hofer GmbH,672,3.0,8.0
35298,"Hauswirtschaftliches Service-Team GmbH, Baiersdorf",765,\N,33.0
52862,Havelmi eG,271,1.0,25.0
35300,HBplus Dinkelscherben GmbH Steuerberatungsgesellschaft,697,\N,14.0
32995,Headgate,122,1.0,7.0
41060,Heckel Engineering & Projektdienstleistungen neu,776,3.0,20.0
73618,HeimatERBE GmbH,446,2.0,25.0
30091,Heinrich Michael Wansch,68,2.0,8.0
14695,Heinz Ziegenbein GmbH & Co. KG,569,2.0,36.0
92349,HELIA Cooperativa Valenciana,864,\N,26.0
14902,Helmut Kähler,345,1.0,7.0
132143,Help2007 Dortmund UG (haftungsbeschränkt),440,3.0,33.0
14768,Henriette Stadthotel,2,4.0,37.0
14732,Herzstück Horgau eG i.G.,699,2.0,38.0
124805,Hiestermann & Frömchen GmbH,398,2.0,21.0
113802,Hitzacker/Dorf eG,349,1.0,30.0
30149,HNO Praxis Dr. Ioannis Charalampakis,669,2.0,27.0
14923,Hobbyhimmel,544,2.0,2.0
41070,Hochschule Bremen,338,3.0,10.0
112863,Hof am Weiher AG und Öko- Marktgemeinschaft Saar-Pfalz-Hunsrück GmbH,524,4.0,25.0
97748,Hofbauernhof Laden GbR,561,3.0,38.0
51046,Hoffnungszeichen | Sign of Hope e.V.,585,3.0,33.0
40822,Hofgut Eichigt GmbH,204,6.0,25.0
98748,Hofmann & Drews GbR,278,1.0,37.0
36877,Holger Stützle IT- & Organisationsberatung,302,1.0,7.0
36728,Höller Seminare,158,1.0,7.0
24898,Holzer Bus GmbH,895,3.0,39.0
119258,Holzmanufaktur Rottweil GmbH,587,5.0,8.0
36730,homann colormanagement,215,1.0,7.0
14992,Horst Haas Prototypen,708,2.0,17.0
92355,Horta de Rajolar,817,\N,26.0
84783,Hotel & Restaurant Menge,507,2.0,37.0
40871,Hotel Balance,174,2.0,37.0
14841,"Hotel Garmischer Hof, Seiwald-von Thurn GmbH",643,4.0,37.0
56298,Hotel Grafenast GmbH,99,2.0,37.0
30317,Hotel Gutshaus Stellshagen,319,5.0,37.0
143250,Hotel Kothmühle GmbH,37,4.0,37.0
56302,Hotel Leutascherhof – Wandl OHG,96,3.0,37.0
52985,Hotel Melanie GmbH,64,2.0,37.0
126575,Hotel Olympic Srl SB,891,3.0,37.0
56309,Hotel Steineggerhof Resch Kurt & CoKG,902,3.0,37.0
14985,Hotel Villa Orange,508,3.0,37.0
92367,Hotel Voramar,818,\N,26.0
52990,Hotel zur Post GmbH,62,2.0,37.0
131825,Hotel-Restaurant Adler e.K.,721,4.0,37.0
14723,hpkj | heilpädagogisch-psychotherapeutische Kinder- und Jugendhilfe e.V.,610,6.0,16.0
101128,HPP,109,2.0,38.0
51682,HR Pioneers GmbH,468,3.0,7.0
14656,Humanistic Management Practices – HMP Gerd Hofielen,264,1.0,7.0
14748,Husumer Horizonte,328,5.0,16.0
124183,Husumer Horizonte,328,6.0,16.0
135365,Huth Metallbau GmbH & Co. KG,342,4.0,8.0
88846,i+m Naturkosmetik Berlin GmbH,216,3.0,38.0
80269,IB Bernsteinzimmer Immobilienverwaltung GmbH,254,1.0,30.0
14959,IBB Ingenieurbüro Bernstetter,665,1.0,7.0
44781,IBOR AG CNC-Zerspanung,180,3.0,17.0
62113,ICF Germany Charter Chapter e.V,631,2.0,7.0
101568,iCONDU GmbH,675,2.0,7.0
157602,IDFS Sp. z o.o.,923,2.0,9.0
33281,IFSM,792,2.0,7.0
35299,IFUB GmbH,601,\N,6.0
19536,Ilse Lang,148,1.0,7.0
135374,Im-jaich oHG,343,6.0,37.0
92497,Imanol Medrano de Azpeitia,823,1.0,26.0
80677,Imdahl-Institut,587,1.0,7.0
44783,Impact Hub Munich GmbH,617,2.0,26.0
92435,IMPRESUM GRAFICAS LITOLEMA S.L.,851,\N,26.0
61933,IMPROVE-Bildung mit Zukunft,16,1.0,10.0
50336,IMPULSGEBEREI,667,1.0,7.0
140188,IMPULSGEBEREI,667,1.0,7.0
126541,Indaco Team,870,2.0,7.0
14796,INFO GmbH,399,2.0,7.0
92347,INFORATGE S.C,863,\N,26.0
19540,Ing. Robert Graf Unternehmensberatung,17,1.0,7.0
14767,Ing. Robert Thoma G.m.b.H.,79,1.0,6.0
14743,Ingenieurbüro für Bautechnik,498,1.0,6.0
131829,Ingenieurbüro Mayer AG,730,6.0,6.0
36865,Ingenieurbüro Schlagmann,425,1.0,7.0
92411,Iniciativas industriales de Tenerife Siglo XXI S.l,841,\N,26.0
82684,innovia gem GmbH,92,4.0,16.0
33004,inoio gmbh,288,3.0,9.0
83223,Institut für Nachhaltigkeit – Institute for Sustainability,751,1.0,7.0
36733,Institut für Zukunftskompetenzen e.U.,162,1.0,7.0
92483,Institut Provençana,809,1.0,26.0
14739,Integra e.V.,498,5.0,2.0
160753,integrate-it Netzwerke GmbH,255,4.0,9.0
44785,Intercoiffeur Erich,153,2.0,8.0
129566,Interfacewerk GmbH,768,3.0,9.0
36906,interlink marketing e. U. Anna Oladejo,16,1.0,7.0
76896,International School Augsburg -ISA- gAG,688,5.0,10.0
29821,Irene Müller,916,1.0,6.0
133344,IRIS Soc. Coop. Agricola,879,2.0,25.0
92433,ISABA PROJETS S.A.,861,\N,26.0
32425,Ivo Knoll,161,1.0,33.0
78324,JanKoTec – Zukunft. Nachhaltig. Gestalten.,203,1.0,7.0
14657,Jaritz- Welten verbinden,160,1.0,7.0
36736,JELINEK AKADEMIE e.U.,22,1.0,7.0
44816,Jochen Lindenfeld Agentur für Kommunikation,512,1.0,7.0
14705,Jochen Siebel,705,1.0,7.0
14903,Johanna Paul,256,1.0,7.0
153644,Johannesstift Diakonie Jugendhilfe gGmbH,260,7.0,16.0
14843,Jonathan Seminarhotel,655,3.0,37.0
50759,Josef Sigl e.U.,70,4.0,38.0
14948,Judith Gunkel Unternehmensberatung,305,1.0,33.0
32984,Judith Landes Training – Beratung – Mediation,649,1.0,7.0
14658,Jürgen Linsenmaier,570,1.0,7.0
36536,JUSTUS MATTHIAS – ARCHITEKTEN,261,1.0,6.0
30144,Juwelier Ernst-Walter Poser,427,2.0,38.0
44787,K.u.F. Drack GmbH & Co KG,55,4.0,8.0
65212,K2 Engineering GmbH,418,5.0,7.0
36746,KAIROS – WIRKUNGSFORSCHUNG & ENTWICKLUNG GEMEINNÜTZIGE GMBH,135,2.0,7.0
35274,Kaiser & Kühne Freizeitgeräte GmbH,334,5.0,26.0
40219,Kaiser Haus GmbH & Co. KG,415,2.0,6.0
14760,Kaiserhof Anif  Hotel-Restaurant-Bar,65,3.0,37.0
92505,Kaleidos,821,1.0,26.0
29726,Kaltenegger & Partner Architekten ZT GmbH,151,2.0,6.0
65752,Kanzlei Besser Steuerberatungsgesellschaft mbH,245,2.0,14.0
36527,KARDEA GmbH,142,1.0,6.0
14808,Karl Siegel Produktions GmbH & Co. KG,300,4.0,17.0
14659,Karla Schimmel,171,1.0,7.0
25482,KarmaKonsum Christoph Harrach,369,1.0,7.0
36951,Karsten Geisler,467,1.0,23.0
41051,Kartoffelkombinat – der Verein e.V.,614,3.0,25.0
101564,Katharina Fiedler,676,1.0,33.0
14844,KBW Katholisches Kreisbildungswerk,651,2.0,16.0
80325,Kenneth Alexander Grodotzki,445,1.0,7.0
83226,Kieferorthopädie Löwenzahn,785,2.0,16.0
131839,Kiehne GmbH & Co KG,720,3.0,37.0
14941,Kiezbett GbR,211,1.0,38.0
46711,Kinder lernen Leben gGmbH,251,6.0,10.0
41207,Kirchner Konstruktionen GmbH,738,6.0,3.0
14752,kiss the inuit,462,2.0,36.0
112044,Kissing und Team GmbH & CO KG,501,3.0,38.0
44856,klasse idee gGmbH,359,2.0,37.0
110308,Klaus Stuckert GmbH und Co. KG,354,2.0,8.0
38607,Kleeschulte Erden GmbH & Co. KG,505,4.0,25.0
38107,KLEIDERgrün,124,2.0,38.0
14964,kleindienst outdoor-assisted-development,42,1.0,7.0
14854,Kleinwechter & Bröker GmbH,457,3.0,8.0
14967,klien + team Holistische Organisationsberatung,75,1.0,7.0
41522,Klima Kontor – Planung und Beratung GmbH,311,2.0,33.0
135372,Klimahaus Betriebsgesellschaft mbH,343,6.0,37.0
152353,Klinglwirt,625,2.0,37.0
56534,Kloster Kirchberg – Berneuchener Verein,560,4.0,10.0
36912,KLUFAMILY Familie & Beruf Management GmbH,2,1.0,7.0
14855,"Knakruegge, Lutz",597,1.0,7.0
44803,KOCHUNDSIMON GbR,583,1.0,7.0
83190,Kollar GmbH,34,4.0,8.0
118513,KölnBäder GmbH,464,7.0,34.0
36753,Koloo Projects,1,1.0,7.0
55127,Kommunale Dienste Göttingen (KDG) kAöR,404,5.0,26.0
14660,Kortz Konfliktspezialisten,273,1.0,7.0
39616,Krämerei am Markt,494,2.0,38.0
82407,KREUZER Medien GmbH,198,2.0,23.0
106077,Križevci Entrepreneurship Center,869,2.0,7.0
33611,kuhs architekten,589,2.0,6.0
18100,Kulturquartier Münster GmbH,455,2.0,1.0
14784,Kulturverein Schloss Goldegg,83,2.0,1.0
131833,Kurbetriebe Oberstdorf,723,4.0,37.0
14945,Kurt Egger – eku-konstruktiv,72,1.0,7.0
14921,KV&P Unternehmensberatung,344,2.0,14.0
14661,La Perla,898,5.0,37.0
92445,La Urdimbre,846,\N,26.0
153690,LABORATORIO ECOTECH S.R.L.,928,3.0,17.0
89051,Lafim-Diakonie a.V.,265,12.0,16.0
92353,Lago Becu SL,802,\N,26.0
62102,lahaye tiedemann gestalten GbR,742,1.0,22.0
14793,"Landesverband Amateurtheater Baden-Württemberg e.V.,",540,2.0,1.0
14662,Landgut Stober Kontor GmbH & Co. Betriebs KG,269,5.0,37.0
33279,Landimmobilien,599,1.0,30.0
25485,Landkreis Marburg-Biedenkopf / Eigenbetrieb Jugend- und Kulturförderung,393,2.0,29.0
78890,lands,449,1.0,33.0
44809,LANG HOLZWÄRME GMBH,139,2.0,8.0
14756,Laube sozial-psychiatrische Aktivitäten GmbH,77,6.0,16.0
24522,LEBARTE  Johannes Falch,124,2.0,8.0
36531,LebensArt  GbR,682,2.0,6.0
25428,Lebenshilfe Brakel gGmbH,371,6.0,26.0
82906,Lebenshilfe Ostallgäu-Kaufbeuren e.V.,724,12.0,16.0
19870,Lebenshilfe Tirol gem. GmbH,92,12.0,16.0
30357,Lebensraum Holz GmbH,646,2.0,6.0
79094,Lebuco e.U.,46,1.0,7.0
52981,Lederer Boutique Hotel,85,2.0,37.0
129847,LEDtec GmbH,374,3.0,11.0
112820,Lehm-Laden GmbH & Co. KG,349,2.0,38.0
20244,Lekido,893,1.0,16.0
14857,Lenz Consulting,126,1.0,7.0
117420,Leotron Srl Società Benefit,887,3.0,38.0
36799,LernSINN erlebBAR e.V.,270,1.0,7.0
14755,"LEWANDOWSKI Beratung, Analyse, Entwicklung",463,1.0,7.0
127545,LichteGeschichte,198,1.0,22.0
14978,Lichtenborner Kräuteer,411,1.0,25.0
14733,liesLotte MEDIEN VERLAG,694,2.0,23.0
14788,Lilly Deutschland GmbH,514,12.0,27.0
141375,Lilly Deutschland GmbH,514,8.0,16.0
92515,Limonium Canarias SL,830,1.0,26.0
22837,Lindig Coaching-Wachstum-Integraton,477,1.0,7.0
51855,Liot Kunststofftechnik,166,3.0,8.0
92487,LMC,854,1.0,26.0
93873,Lotta Karotta Bio-Lieferservice OHG,409,4.0,25.0
23252,Luisenburg Festspiele,783,4.0,1.0
19686,Lux Bau GmbH,33,6.0,6.0
36803,LWP Institut Hannover,358,1.0,7.0
92429,Mª Jesús Pérez Domínguez,834,\N,26.0
14858,Maas Naturwaren GmbH,378,6.0,36.0
19279,Macrolibrarsi di Golden Books S.r.l.,906,5.0,38.0
36805,Mae Terra – Seminare Anne Tscharmann & Robert Pilak,138,1.0,7.0
104921,Mag. Daniela Christine Schwaiger,77,1.0,7.0
45837,Mag. Dr. Martin Sturmer,67,1.0,22.0
22392,Mag. Michael Zitterl,94,1.0,7.0
35301,MAG. VERENA FLORIAN,2,\N,7.0
19538,Maga Ulli Fejer,149,1.0,7.0
156929,MAJORMAJOR Design Co. Schönbörner – Beerwart Gbr,543,1.0,22.0
44823,MAKAvA delighted GmbH,146,2.0,25.0
14859,Malerei Wülser und Partner GmbH,189,3.0,8.0
44825,Malermeister Andree Antosch,313,3.0,8.0
30355,Malteser Hilfsdienst gemeinnützige GmbH,651,5.0,16.0
14860,Malzfabrik,240,3.0,1.0
14905,Manfred Jotter – Besser Wirtschaften,288,1.0,7.0
28515,Manfred Kofranek,10,\N,\N
44827,MaranVEGAN GmbH,6,2.0,38.0
40996,Margit  und Josef Mayr-Lamm,52,2.0,25.0
37705,Maria Henkys ShopConsult-NRW,422,1.0,7.0
64670,Maria-Elisabeth Belpaire,168,1.0,26.0
150760,Marianne Voit Coaching-Training-Supervision,704,1.0,7.0
30151,Marianne Voit-Lipowsky,704,1.0,7.0
92459,Marketeasing,808,1.0,26.0
27489,Märkisches Landbrot GmbH,238,4.0,8.0
85360,Markt5- Der regionale Concept Store,506,1.0,38.0
24844,Markthalle Betriebsgesellschaft mbH,283,4.0,38.0
32323,Markus Hölzl,630,1.0,7.0
14861,Marmed GmbH,395,3.0,27.0
124369,Maßstab Diamant GmbH,365,4.0,22.0
14764,Mathias Winkler – Nachhaltige Finanzlösungen,622,1.0,13.0
14735,Mathis Spenglerei GmbH,130,3.0,8.0
14747,Matthias Brunk,482,1.0,7.0
35669,Mattlihaus KG,722,3.0,37.0
139399,media4nature GmbH,754,1.0,22.0
48622,Medus des Andreas Gögele & Co. KG,894,3.0,28.0
80060,"MehrWert GmbH für Finanzberatung und Vermittlung, Bamberg",784,2.0,13.0
55101,mehrWerte Unternehmensentwicklung,11,1.0,7.0
44832,Meierei Horst eG,326,3.0,25.0
14803,Mein Grundeinkommen e.V. (gemeinnützig),237,3.0,16.0
14862,Mein Kindskopf UG,653,1.0,16.0
35292,"Meister Küfner Nusseckenmanufaktur, Nürnberg",759,\N,8.0
45835,Meisterfloristik Oberndorf,67,2.0,8.0
14817,Melchinger Systemhaus UG (haftungsbeschränkt),552,1.0,7.0
24896,Mellauner S.r.l.,900,2.0,39.0
92465,Mellowmove,924,1.0,26.0
36811,mentalenz Corinna Lütsch & Carsten Schaeffer GbR,308,1.0,7.0
82677,Meraner Weinhaus – PUR Südtirol,893,5.0,38.0
44845,Mercacultura GmbH,152,2.0,38.0
29734,Metzler Käse – Molke GmbH,134,3.0,25.0
14790,mg: mannheimer gründungszentren gmbh,527,4.0,30.0
14798,Michael Selig – Berater für Organisation und Transformation,574,1.0,7.0
37755,Michael Vongerichten,263,1.0,7.0
37758,Michael Weiss,150,1.0,7.0
143252,Michael Winkler,24,2.0,8.0
147396,Michaelshof Hepsisau,568,4.0,16.0
14961,Mick Petersmann,287,1.0,7.0
22381,mICU-Alps GmbH,93,2.0,16.0
80072,"MINOVA Information Services GmbH, Würzburg",787,3.0,9.0
48630,MITTELBERGER & CO OHG,903,3.0,8.0
14809,Mobility Center GmbH,199,3.0,39.0
14725,MobilSpiel e.V.,618,4.0,10.0
15588,"Möckernkiez Genossenschaft für selbstverwaltetes, soziales und ökologisches Wohnen eG",229,2.0,30.0
14995,Mode & Sport Moreau GesmbH,85,3.0,38.0
14940,Moin Bio Backwaren GmbH,325,4.0,8.0
75629,mondo buchhandlung,379,1.0,38.0
30038,Monika Riedl Christallmanufaktur,75,2.0,1.0
14963,monomeer. Alles ohne Plastik,585,1.0,38.0
44182,Monteverde Cooperativa Sociale di Solidarietà – Onlus,883,4.0,16.0
133262,Monteverde Cooperativa Sociale di Solidarietà – Onlus,883,4.0,16.0
74013,Müller & Mooseder Unternehmensberatung,678,1.0,7.0
14663,Müller Bau GmbH & Co KG,130,4.0,6.0
14736,MÜLLER Ofenbau Bertram u. Harald Müller GesnbR,121,2.0,8.0
78430,müller ofenbau gmbh,121,2.0,8.0
14864,"Müller, Horst",627,1.0,7.0
33857,München kocht!,605,1.0,33.0
30299,Münchner Aids- Hilfe e.V.,604,4.0,16.0
46973,Münsterland gGmbH,458,3.0,10.0
56536,Mutpol – Diakonische Jugendhilfe Tuttlingen,586,12.0,16.0
84899,MYCB1 Group B.V.,913,2.0,27.0
143254,myssion consulting gmbh,3,2.0,7.0
36608,"N-Motion, Röhrle & Henle Partnerschaftsgesellschaft",742,1.0,7.0
14955,n.e.s.t. Bauprojektierung und Vermietung AG,555,1.0,6.0
14810,Nack Büroeinrichtungen GmbH,301,2.0,38.0
36813,Nagl-Pölzer Consulting,25,1.0,7.0
92399,Natura cultura y servicios ambientales S.L.,866,\N,26.0
132141,Naturbackstube Kreis e.K.,436,2.0,8.0
14993,naturblau+++ Die Werteagentur,582,2.0,22.0
35302,nature and progress,598,\N,7.0
35652,Naturerlebniszentrum Allgäu,720,1.0,10.0
44949,Naturgarten Schönegge Schönegge GmbH,683,2.0,25.0
92832,Naturkost Elkershausen GmbH,405,6.0,38.0
24848,Naturkost Nord Großhandelsgesellschaft mbH,298,5.0,38.0
14979,Naturkost Querbeet,385,2.0,38.0
14865,natürlich unverpackt,450,1.0,25.0
82913,Naturpark Nagelfluhkette e.V.,719,2.0,26.0
56313,Naturresort Gerbehof,733,2.0,37.0
140204,NAUST HUNECKE und Partner CPA mbH,499,5.0,7.0
14712,"NAVISANA eG, seit 2019 GbR",470,2.0,16.0
21570,Nell-Breuning-Haus,480,4.0,10.0
14771,Nellie Nashorn Soziokultur gGmbH,597,2.0,1.0
84749,NEST Architekten GbR,626,2.0,6.0
38110,Nets.werk Steyr – Nachhaltig leben,50,1.0,38.0
132147,netz.NRW – Verband für Ökologie und soz. Wirtschaften e.V.,435,2.0,33.0
68060,Netzwerk Geburt und Familie e.V.,604,4.0,16.0
129576,Netzwert Partner GmbH,619,2.0,7.0
79708,"Neumarkter Lammsbräu, Gebr. Ehrnsperger KG",773,6.0,25.0
160755,nexus Institut GmbH,245,3.0,31.0
36892,Nikolaus Teixeira communications & design,633,1.0,28.0
14674,Nils Wittke,223,1.0,7.0
37056,Nina Baresch,18,1.0,16.0
131662,Nivona Apparate GmbH,757,5.0,38.0
58436,NL 1,914,5.0,6.0
59391,No Time To Waste (Snew),918,3.0,11.0
18598,Novatec Consulting GmbH,549,6.0,7.0
98918,noventum consulting GmbH,454,6.0,7.0
14942,NoviTech e.U.,62,2.0,38.0
61590,nowwork GbR,534,1.0,33.0
112674,Oasia GbR,349,1.0,38.0
23248,Objekt-Service GmbH,782,2.0,36.0
45955,öbu – der Verband für nachhaltiges Wirtschaften (Verein),182,2.0,26.0
44998,oceanBASIS GmbH,320,3.0,26.0
92513,Oceanográfica,831,1.0,26.0
14949,OeAD-WohnraumverwaltungsGmbH,1,5.0,26.0
14676,Oekofrost,241,3.0,25.0
129590,OH LA LAQUA GmbH,606,2.0,38.0
20027,OIKOPOLIS Participations SA,909,12.0,38.0
14720,Öko & Fair Umweltzentrum Gauting,634,1.0,33.0
14677,Ökofairbau,777,1.0,6.0
84568,Ökokiste Bosshammersch Hof,397,4.0,25.0
101028,Ökokiste Kößnach GmbH & Co. KG,778,3.0,38.0
80062,"Ökokiste Schwarzach e.K., Schwarzach a. Main",788,3.0,25.0
144485,Ökologisch-Demokratische Partei  LV Berlin,217,11.0,26.0
144356,Ökologisch-Demokratische Partei  ÖDP,786,11.0,26.0
36824,Ökomarkt Verbraucher- und Agrarberatung e.V.,287,2.0,7.0
14678,Ökoring Handels GmbH,638,6.0,38.0
44858,Oktoberdruck AG,210,2.0,28.0
36947,Oliver Kirchhof,473,1.0,7.0
41902,Oliver Tunnat,375,1.0,7.0
14679,Omnicert Umweltgutachter GmbH,775,2.0,7.0
64664,Onze-Lieve-Vrouwekathedraal Antwerpen,167,3.0,37.0
14778,Organiced Kitchen,220,3.0,37.0
22589,Organisationsberatung Annelen Schulze Höing,257,1.0,7.0
37748,Otto Raich,51,1.0,7.0
14716,Outward Bound gGmbH,728,2.0,16.0
44860,OWUS Berlin-Brandenburg e.V.,209,1.0,2.0
72205,P1 Consulting GmbH,379,2.0,7.0
14782,PAP Pongauer ArbeitsProjekt,82,4.0,16.0
40111,PAPERBOATS Lenja Rother,285,1.0,7.0
30305,PARITÄTISCHE Sozialpsychiatrisches Zentrum München gGmbH,629,5.0,16.0
14680,Parkhotel Frank,723,5.0,37.0
59402,Parktheater Eindhoven,920,5.0,1.0
92479,Pauma,828,1.0,26.0
14741,PCH-Fischer GmbH & Co. KG,498,1.0,7.0
14697,Pelzl Beratung & Umsetzung,342,1.0,7.0
96610,peppair GmbH,737,1.0,7.0
44864,PersonalDock GmbH,306,2.0,15.0
19534,Perspektivatelier,6,1.0,7.0
36677,Peter Eschner,13,1.0,7.0
14681,Peter Frank,557,1.0,7.0
14682,Peter Weiss Stiftung (PWS)Literaturfestival,206,2.0,28.0
25426,Petersilchen GmbH,370,5.0,25.0
92357,Piben Fruits,816,\N,26.0
44173,Pineta Hotels,889,4.0,37.0
126556,Pineta Nature Resort Srl,888,4.0,37.0
14951,Pizzinini Busreisen,900,4.0,8.0
27430,Pizzinini Mobility GmbH,900,2.0,39.0
124379,Planungsbüro Drobka GmbH,273,3.0,33.0
92423,Playamar y Turismo,803,\N,26.0
79534,playfulmind GmbH,781,1.0,7.0
30768,Points Gesellschaft für digitale Informationssysteme mbH,538,3.0,9.0
14683,Polarstern,604,3.0,12.0
150465,Polarstern GmbH,604,4.0,12.0
85373,POLIFANT Stuttgart gGmbH,553,6.0,10.0
92451,Pou de Beca,814,\N,26.0
96975,PRÄSENTATIONSWERK,511,1.0,7.0
14727,Praxisgemeinschaft AMEDEA,711,1.0,16.0
14867,Praxisgemeinschaft Fridolfing,660,3.0,27.0
132125,presigno GmbH,437,2.0,22.0
14907,Prior1 GmbH,485,4.0,6.0
14908,Private Hortgruppe Mobile,115,2.0,16.0
14753,Privatpraxis für Psychotherapie und Supervision,430,1.0,7.0
111664,Pro Basketball Göttingen GmbH,406,4.0,34.0
90862,Pro Raum GmbH,461,1.0,8.0
64591,PRO-PLAN GmbH,108,2.0,12.0
127454,pro… gemeinsam bauen und leben eG,538,2.0,6.0
143246,PROCESS-M GmbH,11,1.0,7.0
92401,Produccions Metrònoms S.L.,812,\N,26.0
40588,ProEngeno GmbH & Co. KG,332,2.0,12.0
36684,Prof. Dr. Bernd Fittkau,307,1.0,7.0
40119,Prof. Dr. Bernd Hümmer,761,\N,7.0
120252,Profilwerkstatt GmbH,521,5.0,22.0
14710,Proiectio,521,1.0,7.0
40298,PROMA Versicherungsmakler GmbH & Co.KG,750,3.0,13.0
99328,prosa Architektur+Stadtplanung BDA,519,3.0,6.0
151681,pusch & Partner,318,\N,\N
21191,Qaizen GmbH,433,1.0,7.0
30309,qnipp GmbH,141,2.0,9.0
44867,Quartiermeister – korrekter Konsum GmbH,233,2.0,38.0
44869,Quatsch mit Soße – Stefanie Griesse,355,1.0,37.0
36830,QuintLog e.U.,2,1.0,7.0
38704,R.U.S.Z. Franchising GmbH,11,3.0,8.0
44871,RABOLD UND CO. e.U.,143,2.0,7.0
40880,Rad-Hof Erfurt,791,1.0,37.0
29769,Radio München gUG,623,2.0,23.0
32904,Radio Next Generation GmbH & Co. KG (Sender egoFM),611,3.0,23.0
80067,"radius UG, Ihr Fahrrad-Kurier in Würzburg",786,2.0,39.0
35304,Rahm Projektmanagement Schlüsselfertigbau GmbH,542,\N,6.0
56171,Raidboxes GmbH,453,4.0,9.0
14711,Raiffeisenbank Lech am Arlberg eGen,123,3.0,13.0
82244,Raiffeisenbank Region St. Pölten eGen,31,6.0,4.0
14700,Randegger Ottilien-Quelle GmbH,580,3.0,25.0
36834,RARENA Dr. Ralf Resch Nachhaltigkeitsberatung,426,1.0,7.0
37746,Raum für Bewusst Sein GmbH,182,1.0,7.0
36543,RAUM.WERTcc DIin Ursula Spannberger,62,1.0,6.0
14968,RAUM.WERTcc Ursula Spannberger,62,1.0,6.0
44771,Raumausstatter Hegemann,456,2.0,8.0
124736,Rauszeit Agentur,177,1.0,7.0
44874,ray facility management group Nils Bogdol GmbH,459,5.0,30.0
126876,rebio Regionale BIOLAND-Erzeugergemeinschaft GmbH,558,4.0,25.0
33861,Reformhaus Mayr e.K.,615,5.0,38.0
23715,Regensburg Tourismus GmbH (RTG),774,4.0,29.0
14684,Regina Sörgel,772,1.0,10.0
68219,Regionaldirektion Martin Bantle e.K.,583,2.0,18.0
14909,Regionalenergie Osttirol reg. Gen. m.b.H.,164,2.0,12.0
30153,Regionalkollektiv eG,670,2.0,25.0
29660,REGIOS EG,645,2.0,13.0
36662,Reinhard Decker  Unternehmensberater,127,1.0,7.0
53438,Reishofers Pasch UG,665,\N,7.0
19282,Remedia di Satanassi & Bosch Società Agricola S.S.,905,4.0,25.0
82902,renergie Allgäu e.V.,715,3.0,7.0
90814,REUTER × BOBETH,228,2.0,22.0
29753,ReWiG München eG,624,2.0,33.0
14924,Reyerhof,546,2.0,25.0
122149,Rheinsberger Preussenquelle GmbH,277,3.0,25.0
118851,Rieder.Steuer.Beratung,86,2.0,14.0
127451,Robi Wache Architekten GmbH,539,2.0,6.0
150945,Rofin Gewerbepark Eberswalde,274,2.0,30.0
14970,rolf dingethal organisations- und managemententwicklung,554,1.0,7.0
87389,Rolf Schanz Gmbh – Schanz Bänder,559,2.0,17.0
29832,Roseli Gonzalves,339,1.0,7.0
83738,RÖSTTROMMEL GMBH KAFFEERÖSTEREI,755,4.0,38.0
35305,Rosy Green Wool GbR – Rosmary Stegmann und Patrick Gruban,607,\N,38.0
55440,Rudolf Eckel Federnfabrik,493,4.0,17.0
44937,Rudolf Steiner Haus Hamburg e.V.,284,2.0,2.0
130935,RUNA REISEN GmbH,381,3.0,37.0
92345,Ruth Palomero S.L.,856,\N,26.0
14944,Sabine Lehner – MARKENwerkstatt,62,1.0,7.0
35671,SÄBU Holzbau GmbH,727,4.0,6.0
14868,Sachranger Dorfladen UG,650,1.0,38.0
20289,Sächsische Aufbaubank – Förderbank,197,12.0,4.0
35306,SAD Nahverkehr AG,903,\N,39.0
44178,Sadesign SNC,892,2.0,33.0
126578,Sadesign SNC,892,3.0,38.0
14925,Samariterstiftung,566,12.0,16.0
14910,Sanoll,113,2.0,34.0
17818,Saphenus Medical Technology GmbH,40,2.0,24.0
92407,SAPIENS ENERGÍA COOP. V.,862,\N,26.0
44939,satis&fy AG,504,6.0,26.0
36838,sattler energie consulting gmbh,57,2.0,7.0
44942,Schachinger Logistik Holding GmbH,47,12.0,39.0
14982,Schachtelhalm UG,412,2.0,38.0
14869,Schäfer Installationen,369,2.0,8.0
126130,Schamong GmbH & Co. KG,469,3.0,25.0
73570,SCHELP MEDIATION,355,1.0,33.0
30083,SCHINDEL UND HOLZ,164,5.0,6.0
36845,schink-kantoku,214,1.0,7.0
44946,Schirnhofer Gesellschaft m.b.H.,154,12.0,25.0
30380,Schlaraffenburger Streuobstagentur,518,2.0,25.0
20441,Schloss Blumenthal Gmbh & Co. KG,703,4.0,37.0
87413,Schloss Hamborn Rudolf Steiner Werkgemeinschaft e.V.,377,6.0,16.0
14914,Schloss Tempelhof eG,574,2.0,30.0
152355,Schlosshotel & Gasthaus Blumenthal GmbH & Co. KG,703,4.0,37.0
39550,Schmedshof,403,1.0,25.0
93954,Schöberl & Pöll GmbH,2,2.0,6.0
14730,Schubert Bio & Vollwert Bäckerei GmbH & Co KG,689,6.0,25.0
112013,Schulte Verpackungs-Systeme GmbH,500,5.0,28.0
115631,Schütte Baumarkt GmbH & Roggan KG,348,4.0,38.0
33863,"Schwabinger Automobil Haus, Gebr. Herrmann GmbH & Co KG",611,1.0,26.0
90359,Schwarzer Business Quality,400,1.0,7.0
25346,Schwarzseher GmbH,331,2.0,22.0
93101,sd vybrant GmbH,609,2.0,21.0
92405,Seco Durán S.L.,837,\N,26.0
129598,Secur Solutions GmbH,637,6.0,33.0
14996,Sehen und Hören Maurer GmbH,87,3.0,38.0
14912,Seifenmanufaktur-Neururer gmbh,114,1.0,34.0
25101,Seiwald KG des Seiwald Klaus & Co.,895,3.0,39.0
41057,SEKEM Holding for Investment S.A.E. 3,235,12.0,25.0
14939,Seminarhaus deinsdorf e.V.,769,2.0,10.0
56033,Sempact AG,705,2.0,7.0
55129,Seniorenzentrum Göttingen gGmbH,407,6.0,16.0
92441,Seniors Vida Sostenible,796,\N,26.0
124371,senne products GmbH,376,5.0,26.0
24893,SERBUS KG des Christof Haidacher & Co.,897,5.0,39.0
36869,SERI Nachhaltigkeitsforschungs und –kommunikations GmbH,758,3.0,7.0
44711,Service für Haus & Garten Markus Brandl,146,1.0,8.0
14870,SES Stadtentwässerung Stuttgart,534,12.0,29.0
32906,SFP Architekten GmbH,539,3.0,6.0
92415,Shine Psicología y Coaching S.L,840,\N,26.0
41402,siebold/hamburg messebau gmbh,310,4.0,33.0
25016,Silbernagl Markus GmbH,899,3.0,39.0
127444,silberzebra gmbh,591,2.0,9.0
24903,SiMobil GmbH,899,5.0,39.0
19542,Simon Brechel Nachhaltigkeitsmanagement,520,1.0,7.0
90090,Simon Veith | Nachhaltige Fotografie,465,1.0,23.0
29802,sinnovation – nachhaltig entwickeln,475,1.0,7.0
36997,sinnwerkstatt Medienagentur GmbH,233,2.0,23.0
118507,SK SESSELKAMPAGNE GmbH,466,2.0,38.0
37715,Smaranda Beate Keller Smart Work Design,625,1.0,7.0
25344,smile! Solutions GmbH,221,2.0,33.0
14731,Snehotta Pflegeteam,696,2.0,16.0
127018,Snehotta Pflegeteam,696,6.0,33.0
72960,Società Mutua Piemonte ETS,874,2.0,16.0
126590,Società Mutua Piemonte ETS,872,2.0,16.0
14965,SODI – Solidaritätsdienst International e. V.,213,2.0,26.0
92431,Solange A. Ottonello Tuya,833,\N,26.0
143248,SOLAR 4 YOU Consulting Ges.m.b.H.,21,2.0,6.0
124375,SOLVIS GmbH,416,6.0,17.0
101562,Sommerland YogaKultur Erbach,746,1.0,34.0
14734,Sonnendruck GmbH,531,3.0,28.0
14708,Sonnentor Kräuterhandelsgesellschaft mbH,43,12.0,25.0
14871,Sotronik GmbH,190,2.0,11.0
14927,soulproducts GmbH,239,4.0,26.0
36756,SOUND STRATEGY e.U.,14,1.0,7.0
45839,Soziale Initiative gem. GmbH,50,12.0,16.0
14686,SozKom,157,4.0,10.0
14687,Sparda-Bank München eG,602,12.0,13.0
21623,Sparkasse Berchtesgadener Land,662,12.0,4.0
44951,SPES GmbH,53,4.0,32.0
14688,Spider Netzwerk und Software GmbH,569,2.0,9.0
37060,SpielScheune der Geschichten,294,2.0,16.0
47819,Spielzeugmuseum,752,2.0,1.0
101570,SPINDLER Dachdeckerei-Spenglerei GmbH,673,3.0,8.0
14997,Spitalstiftung Konstanz,584,6.0,16.0
53621,Sport Wolf,92,1.0,38.0
81881,Sportvereinigung Feuerbach 1883 e.V.,544,4.0,34.0
14913,SpreeTrain  Consulting,244,2.0,7.0
44953,Sroka Stahl- und Anlagenbau U.G. & Co. KG,272,2.0,17.0
14872,St Elisabeth-Verein e.V. Marburg Berufliche Bildung (StEEB),395,2.0,16.0
37182,St. Gereon Seniorendienste gemeinnützige GmbH,429,3.0,16.0
14794,St. Virgil Salzburg,63,4.0,37.0
34879,St.Rochus-Apotheke,370,4.0,16.0
145504,St.Rochus-Apotheke,370,3.0,16.0
139376,"Stadtentwässerungsbetriebe Köln, AöR",476,8.0,26.0
131820,Städtische Forggensee-Schifffahrt Füssen Eigenbetrieb der Stadt Füssen,726,3.0,39.0
14709,Stadtmobil Rhein-Neckar AG,526,4.0,39.0
95454,Stadtmobil Südbaden AG,588,3.0,39.0
77444,Stadtreinigung Hamburg,292,12.0,26.0
34944,Stadtteilzentrum Steglitz e.V,243,6.0,26.0
15717,Stadtverwaltung Steinheim,370,5.0,29.0
15525,"Stadtwerke Kufstein GmbH, Wasserabteilunge",102,2.0,29.0
14980,Stadtwerke Marburg GmbH,392,12.0,12.0
112046,Stadtwerke Menden GmbH,502,6.0,12.0
77849,Stadtwerke München GmbH,613,4.0,12.0
14701,"Stadtwerke München GmbH, Geschäftsbereich Bäder",613,6.0,34.0
126525,Stadtwerke Neumarkt i.d.OPf. Energie GmbH,773,6.0,12.0
126529,Stadtwerke Neumarkt i.d.OPf. Freizeit & Leben KU,773,4.0,29.0
157024,Stanova Stanztechnik GmbH,223,2.0,20.0
36872,STEAUF Stefanie Aufleger,583,1.0,7.0
40573,STEAUF-Werkstatt,583,1.0,7.0
23250,Stefan Wladarsch,780,1.0,7.0
14971,Steinbeis-Transferzentrum ZEN,591,1.0,7.0
14873,Steinbildhauerei Vincent,498,1.0,8.0
25029,Steiner Touring GmbH,895,12.0,39.0
30147,Steinmetz Braun GmbH,671,2.0,8.0
106552,step GbR,350,2.0,7.0
44957,Sterntalerhof – Verein für ganzheitliche Lebensbegleitung,144,3.0,16.0
96973,Steuerberatungskanzlei Berkelmann,460,2.0,14.0
15515,Steuerkanzlei Heinrich,529,2.0,33.0
96622,Steuerkanzlei Pfann,691,2.0,14.0
37370,Steuerkanzlei Uwe K.Eberhardt,585,2.0,14.0
78247,stg – Die MitarbeiterBerater GmbH,764,2.0,33.0
63662,Stiegl-Gut Wildshut GmbH,61,3.0,37.0
14874,Stierlin Holz am Bau GmbH,188,2.0,8.0
129757,Stiftung Gemeinwohl-Ökonomie NRW,366,1.0,26.0
45950,Stiftung Praktischer Umweltschutz Schweiz – Pusch,183,4.0,26.0
106945,Stiftung Theologische Hochschule Reutlingen der Evangelisch-methodistischen Kirche,567,3.0,10.0
35307,"Stimmumschwung, Hayo Keckeis, Wilhermsdorf",770,\N,1.0
133268,STL srl sb,882,3.0,38.0
87391,Strobel AG,766,4.0,28.0
35308,Strom vom Dach,105,\N,12.0
87416,Struck-Leuchten GmbH & Co. KG,370,5.0,22.0
129593,STUDIO | STADT | REGION – Förster Kurz Architekten & Stadtplaner Partnerschaft mbB,609,3.0,6.0
67263,Stuttgarter Bäder,533,12.0,1.0
92477,Subbética Ecológica,819,1.0,26.0
94655,subject:RESOUL AG,230,2.0,7.0
44961,sun.e-solution GmbH,166,2.0,11.0
92453,Supernaranjas,815,\N,26.0
152117,Superuse Studios NL BV,915,2.0,6.0
14932,"Susanne Dahncke, Coaching für Querdenker",296,1.0,7.0
17165,swapwork UG (haftungsbeschränkt),208,1.0,26.0
14689,Synthro,487,2.0,7.0
154460,Szene – Verein zur Förderung der Kultur,62,3.0,1.0
25020,Taferner GmbH,896,4.0,39.0
38145,TAGWERK Großhandel für Naturkost GmbH,687,2.0,38.0
14707,Taifun-Tofu GmbH,592,6.0,25.0
44963,Talents4Good GmbH,207,2.0,15.0
14986,Tannerhof GmbH & Co.KG,668,4.0,37.0
37564,Tanzschule Schwebach,16,2.0,33.0
14875,Taoasis GmbH Natur Duft Manufaktur,367,4.0,16.0
68530,TAOASIS GmbH Natur Duft Manufaktur,368,4.0,5.0
129596,TARABAO Bio.Fair.Direkt GmbH,628,3.0,38.0
37001,taz Verlags u. Vertriebs GmbH,232,12.0,23.0
14853,Team Christian Felber,8,2.0,7.0
76898,Team23 GmbH,689,5.0,19.0
30156,Techgenossen eG,628,2.0,9.0
39029,Technischen Hochschule Nürnberg Georg Simon Ohm,760,12.0,10.0
78432,TECTUM GmbH,131,4.0,6.0
126584,Tenero Consulting sas,884,1.0,40.0
144919,Tepui Energy UG,424,1.0,7.0
62100,TESD GmbH,743,1.0,9.0
25351,tetrateam – Nachhaltige Konzepte OHG,228,1.0,18.0
50520,Textlandia Sibylle Reuter,421,1.0,7.0
41216,The Camphill School,929,6.0,10.0
112211,The Changer GmbH,237,2.0,33.0
92473,The Circular Project,820,1.0,26.0
106276,The New School for Information Services,912,3.0,10.0
45841,Theater ecce,62,2.0,1.0
35273,"Theater Salz+Pfeffer, Nürnberg",756,2.0,1.0
14751,TherapieZeitRaum,360,3.0,16.0
14934,Think fresh,401,1.0,7.0
14713,Thomas Henne,731,1.0,7.0
44779,"Thomas Huber, Bauernhof „Kripp“",95,1.0,25.0
14981,"Thomas Mönius, Gemeinwohlberater",753,1.0,7.0
115472,Thomas Schanz Solutions,185,1.0,7.0
47041,Thomas Uloth Unternehmensberatung,208,1.0,7.0
98829,Thomas Uloth Unternehmensberatung,208,1.0,7.0
155753,Thomas Uloth Unternehmensberatung,208,1.0,7.0
14969,Tim Weinert,541,1.0,7.0
40968,Tischlein Deck Dich e. V.,575,2.0,37.0
27432,TLB GmbH,117,2.0,39.0
47141,TOFU Manufaktur Christian Nagel GmbH,327,2.0,25.0
56881,Topp Textil GmbH,716,5.0,36.0
131835,Tourismusverband Ostallgäu e.V.,725,2.0,37.0
14806,Tourismusverband Wilder Kaiser,106,4.0,37.0
14811,Trafik Doppelhammer,104,2.0,38.0
33859,Transition Woods gGmbH,609,2.0,25.0
92439,Trasub La Vila S.L.,798,\N,26.0
133348,Treebu Srl società benefit,886,2.0,25.0
91324,TRESS Brüder (TRESS Lebensmittel GmbH & Co. KG & Tress Gastronomie GmbH & Co. KG),564,5.0,37.0
36883,Trigon Entwicklungsberatung registrierte Genossenschaft mit beschränkter Haftung,147,2.0,7.0
14690,Trumer Privatbrauerei,70,4.0,25.0
40976,Tut-All Software GmbH,577,1.0,9.0
30333,two4science,522,2.0,5.0
132121,TZ Net GmbH,435,1.0,29.0
62183,Uitgeverij Genoeg,919,1.0,23.0
14719,Ulenspiegel Druck GmbH & Co. KG,640,2.0,28.0
14916,Ulmer Weltladen,742,2.0,38.0
14691,Ulrike Häussler,529,1.0,7.0
14983,Universität Kassel Hessische Staatsdomäne,389,3.0,31.0
14977,Unser Kastanienhof,388,2.0,25.0
45134,Unternehmensberatung & Training Dr. Sukowski,250,1.0,14.0
74298,Unternehmensberatung Hagmann,32,1.0,7.0
14757,UnternehmensGrün e.V.,207,2.0,2.0
124485,UnternehmensSinn PartG,208,1.0,7.0
25349,UnternehmensSinn PartGes,221,1.0,7.0
83220,upDATE Gesellschaft für Beratung und Training mbH,757,2.0,7.0
92383,Urbaser S.A,836,\N,26.0
66816,Urpunkt,175,1.0,7.0
14876,Urte Töpfer – Wirtschaften mit Menschen,226,1.0,7.0
92463,USS,829,1.0,26.0
14795,Vägen Ut! Kooperativen,926,5.0,8.0
40899,Vanovi Design,247,2.0,23.0
14917,Vaude,734,12.0,36.0
14749,ver.de für nachhaltige Entwicklung e.G.,608,1.0,18.0
44757,Verein freipflanzen,92,1.0,25.0
37618,Vereinigte Volksbank eG,371,6.0,4.0
92461,"Veritable, SL",806,1.0,26.0
143256,Vermessung Schubert ZT GmbH,31,5.0,33.0
36795,Veronika Lamprecht GAIA-Akademie,48,1.0,7.0
143242,Versicherungsagentur Halmenschlager GmbH,29,2.0,18.0
82861,vhs Kempten,714,4.0,10.0
153963,viadee Unternehmensberatung AG,451,6.0,7.0
38378,Videotechnik Ing. Friedel HANS e.U.,23,2.0,8.0
92375,Viña ecológica Miguel Poveda Justamante,799,\N,26.0
21406,Vinzenz Service GmbH,563,6.0,33.0
102365,Vinzenz Service GmbH,740,5.0,37.0
93793,Vision11 GmbH,603,5.0,7.0
25050,visuellverstehen GmbH,323,3.0,9.0
15653,Vitark NV,172,1.0,7.0
94595,Vivat Lingua! Sprachtrainingsprogramme GmbH,556,3.0,10.0
14962,Voelkel GmbH,352,6.0,25.0
45136,Volkshilfe Tirol,92,5.0,16.0
61662,Vollkornbäckerei Barth GmbH,491,4.0,25.0
14877,Vollkornbäckerei Niemand GmbH,496,4.0,8.0
44965,Vorarlberger Gemeindeverband,132,2.0,29.0
124636,Vorarlberger Landes-Versicherung V.a.G.,135,6.0,18.0
14972,Vorarlberger Landesversicherung V.a.G,135,6.0,13.0
101572,w e i s s Architekten,676,3.0,6.0
45138,Walch Bewegt GmbH,118,2.0,38.0
41075,Waldkindergarten St. Andrä,39,2.0,10.0
14777,Waldorfschulverein Freiburg St. Georgen,593,5.0,10.0
14878,Waldorfschulverein Wetterau e.V.,513,5.0,10.0
14918,Waldtraud Dietrich,112,1.0,7.0
14693,Wasmuth & Hörstel,490,1.0,33.0
14779,WBS TRAINING AG,239,12.0,10.0
37562,Weingut Jurtschitsch,41,4.0,25.0
14694,Weiz Stadtmarketing KG,151,2.0,1.0
45140,"wellYunit, Sabine Siehl e.K.",285,1.0,19.0
38148,Weltladen Lienz,164,2.0,38.0
41212,Weltweitwandern GmbH,147,2.0,37.0
115469,WERKHAUS Design + Produktion GmbH,346,6.0,26.0
14879,werkzwei – Lutz Dudek,379,1.0,33.0
77336,Werner Furtner Consulting,665,1.0,7.0
35667,Wertachtal-Werkstätten gGmbH,724,6.0,16.0
14715,Werte-voller-Leben GmbH & Co KG,695,2.0,16.0
14880,WeShareIT-Ulrich Lang,573,1.0,7.0
25379,Westerwald-Brauerei H.Schneider GmbH & Co.KG,495,5.0,25.0
14956,"Westphal & Baade, Abyme GbR",231,1.0,38.0
35606,WEtell GmbH,591,2.0,35.0
92341,WeWater,842,\N,26.0
24791,WFG Bornheim,484,2.0,33.0
14919,Wiedemann Jörn,713,1.0,7.0
16161,Wiehag Holding GmbH,59,6.0,6.0
48061,Wildbad Rothenburg Evgl. Tagungsstätte KdöR,771,4.0,37.0
47816,Willert Holding GmbH,693,1.0,30.0
112793,Willmes und Partner,506,3.0,7.0
30343,Windkraft Simonsfeld AG,19,5.0,12.0
14799,Winkler Solar GmbH,124,3.0,12.0
111946,Wino Biolandbau GmbH&Co.KG,572,3.0,25.0
24901,Wipptalreisen OHG,901,2.0,39.0
14991,Wir Kinder der Erde – Wildnisschule Bayern,710,1.0,32.0
45142,WirkWandel Impuls GmbH,246,2.0,7.0
102421,Wirtschaftsförderung Münster GmbH,452,3.0,26.0
14881,Wissenschaftsladen Hannover e.V.,357,1.0,10.0
18750,WITTIG HR CONSULTING,517,1.0,7.0
154693,WITTIG HR Consulting,517,1.0,7.0
14882,Wittig HR-CONSULTING,517,1.0,7.0
132129,WMC Diktiersysteme GmbH,434,2.0,33.0
55745,wobkom GmbH,431,1.0,33.0
37744,Wodara Immobilien e.K.,252,1.0,7.0
36556,Wofgang Biebel,26,1.0,7.0
14758,Wohnanlage Fasanenhof gGmbH,545,4.0,16.0
25192,Wolf Oeding Unternehmensberatung,312,1.0,7.0
30100,WOOD Kollnig Handelsagentur,165,1.0,8.0
46088,Yellow Birds Consulting GmbH & Co. KG,745,1.0,7.0
143436,Yellow Birds GmbH,743,1.0,7.0
19131,Ynova Innovation Company BV,922,1.0,7.0
159682,YYYY Test,234,4.0,7.0
159686,YYYY Test,234,4.0,7.0
153924,ZABELDruck GmbH,581,2.0,28.0
14920,Zahnarztpraxis am Kreuzberg,228,2.0,16.0
124481,Zahnarztpraxis am Kreuzberg,228,2.0,16.0
30353,Zallis Naturkost Cafe,658,1.0,25.0
92485,Zaragoza Vivienda,868,1.0,26.0
44959,Zentrum Mensch Andrea Stoffers,425,1.0,16.0
118849,Zentrum Zeitgenössischer Musik – Kunsthaus Nexus,90,2.0,1.0
92844,Zimmerei Diedrich – Die Gesundhausbauer GmbH,413,3.0,6.0
45156,zimmerwerkstatt Nicola Bannier und Michael Weber,349,1.0,8.0
14718,Zukunftswerk eG,639,2.0,7.0
30321,zündstoff. fair organic clothing S. Klemz & M. Rau GbR,589,2.0,36.0
14728,\N,\N,1.0,\N
